Workbook

Sheet Plan - NL
B1: Runde | C1: Dag | D1: Dato | E1: Måned | F1: Tidspunkt | G1: Hjemme | H1: Ude | I1: R | J1: U | K1: H | L1: L | M1: B | N1: F | O1: S | P1: C | Q1: Note | R1: Antal tilmeldte VK 25-03 23:47 | S1: 1s | T1: 2s | U1: 3s | V1: Taske | W1: Taske IND | X1: Taske UD | Y1: Betaling | Z1: Video | AA1: Gennemseer | AB1: GameID | AC1: Game start | AD1: Game end | AE1: Video Exchanged. | AF1: Game time (easy) | AG1: Intercut time (min) | AH1: Exchange of Breakdown data | AI1: Return of break down data | AK1: Upload time | AL1: Breakdown time | AM1: Game time
A2: Vedligeholdende | B2: 0 | C2: Lørdag | D2: 29 | E2: Marts | F2: 0.58333333 | G2: Tigers | H2: Wolves | I2: NI | J2: AR | K2: BT | Q2: OBS! Spilles i Aalborg - Klubcrew: Selvdømmer | R2: 1
A3: Vedligeholdende | B3: 0 | C3: Lørdag | D3: 29 | E3: Marts | F3: 0.58333333 | G3: Oaks | H3: Hurricanes | I3: FR | J3: VN | K3: AT | L3: EL | Q3: Klubcrew: Towers | R3: 5
A4: Vedligeholdende | B4: 0 | C4: Søndag | D4: 30 | E4: Marts | F4: 0.58333333 | G4: Towers | H4: Razorbacks | I4: DS | J4: FK | K4: HP | L4: VN | Q4: Klubcrew: Raptors | R4: 0
A5: Vedligeholdende | B5: 1 | C5: Lørdag | D5: 5 | E5: April | F5: 0.58333333 | G5: Razorbacks | H5: Demons | I5: JL | J5: AR | K5: NI | L5: MR | Q5: Klubcrew: Tigers | R5: 0
A6: Vedligeholdende | B6: 1 | C6: Søndag | D6: 6 | E6: April | F6: 0.58333333 | G6: Oaks | H6: Tigers | I6: KJ | J6: JK | K6: FR | L6: HP | Q6: Klubcrew: Demons | R6: 0
A7: NL | B7: 2 | C7: Lørdag | D7: 12 | E7: April | F7: 0.54166667 | G7: Tigers | H7: 89ers | I7: FR | J7: Felix Kastulski | K7: VN | L7: Daniel Kasper | M7: BT | N7: ER | O7: KJ | AB7: =D7&E7&"-"&G7&"-v-"&H7 -> 12April-Tigers-v-89ers
A8: NL | B8: 2 | C8: Søndag | D8: 13 | E8: April | F8: 0.54166667 | G8: Oaks | H8: Razorbacks | I8: DS | J8: VN | K8: JK | L8: JE + RH | M8: AT | N8: EL | O8: HP | AB8: =D8&E8&"-"&G8&"-v-"&H8 -> 13April-Oaks-v-Razorbacks
A9: NL | B9: 4 | C9: Søndag | D9: 27 | E9: April | F9: 0.54166667 | G9: Razorbacks | H9: 89ers | I9: Mats Schwieger | J9: Simon Brüggeman | K9: JL | L9: Matthis Trost | M9: EL | N9: KJ | O9: ER | AB9: =D9&E9&"-"&G9&"-v-"&H9 -> 27April-Razorbacks-v-89ers
A10: NL | B10: 4 | C10: Søndag | D10: 27 | E10: April | F10: 0.54166667 | G10: Tigers | H10: Gold Diggers | I10: DS | J10: AR | K10: TO | L10: FR | M10: BT | N10: KL | O10: AT | Q10: Flyttet fra Søllerød | AB10: =D10&E10&"-"&G10&"-v-"&H10 -> 27April-Tigers-v-Gold Diggers
A11: NL | B11: 5 | C11: Fredag | D11: 2 | E11: Maj | F11: 0.79166667 | G11: Oaks | H11: Towers | I11: JK | J11: DS | K11: MM | L11: FR | M11: JE | N11: KJ | O11: ER | S11: =COUNTIF('Status data'!$A5:$H5,"1") -> 0 | T11: =COUNTIF('Status data'!$A5:$H5,"2") -> 0 | U11: =COUNTIF('Status data'!$A5:$H5,"3") -> 0 | AB11: =D11&E11&"-"&G11&"-v-"&H11 -> 2Maj-Oaks-v-Towers
A12: NL | B12: 6 | C12: Lørdag | D12: 10 | E12: Maj | F12: 0.54166667 | G12: 89ers | H12: Oaks | I12: MR | J12: AR | K12: JL | L12: AL | M12: BT | N12: KL | O12: HP | S12: =COUNTIF('Status data'!$A6:$H6,"1") -> 2 | T12: =COUNTIF('Status data'!$A6:$H6,"2") -> 1 | U12: =COUNTIF('Status data'!$A6:$H6,"3") -> 1 | AB12: =D12&E12&"-"&G12&"-v-"&H12 -> 10Maj-89ers-v-Oaks
A13: NL | B13: 6 | C13: Søndag | D13: 11 | E13: Maj | F13: 0.54166667 | G13: Gold Diggers | H13: Tigers | I13: FK | J13: DS | K13: MM | L13: VN | M13: AT | N13: KJ | O13: EL | Q13: Flyttet fra Aarhus. TV-kamp | S13: =COUNTIF('Status data'!$A7:$H7,"1") -> 0 | T13: =COUNTIF('Status data'!$A7:$H7,"2") -> 0 | U13: =COUNTIF('Status data'!$A7:$H7,"3") -> 0 | AB13: =D13&E13&"-"&G13&"-v-"&H13 -> 11Maj-Gold Diggers-v-Tigers
A14: NL | B14: 8 | C14: Lørdag | D14: 24 | E14: Maj | F14: 0.54166667 | G14: Oaks | H14: Tigers | I14: JE | J14: DS | K14: MM | L14: AL | M14: KJ | N14: TK | O14: ER | S14: =COUNTIF('Status data'!$A8:$H8,"1") -> 0 | T14: =COUNTIF('Status data'!$A8:$H8,"2") -> 0 | U14: =COUNTIF('Status data'!$A8:$H8,"3") -> 0 | AB14: =D14&E14&"-"&G14&"-v-"&H14 -> 24Maj-Oaks-v-Tigers
A15: NL | B15: 8 | C15: Søndag | D15: 25 | E15: Maj | F15: 0.54166667 | G15: Razorbacks | H15: Gold Diggers | I15: MR | J15: DS | K15: JL | L15: HP | M15: BT | N15: KL | O15: FR | S15: =COUNTIF('Status data'!$A9:$H9,"1") -> 0 | T15: =COUNTIF('Status data'!$A9:$H9,"2") -> 0 | U15: =COUNTIF('Status data'!$A9:$H9,"3") -> 0 | AB15: =D15&E15&"-"&G15&"-v-"&H15 -> 25Maj-Razorbacks-v-Gold Diggers | AF15: =HOUR(AD15-AC15)&"h"&minute(AD15-AC15)&"m" -> 0h0m | AK15: =AE15-AD15 -> 0
A16: NL | B16: 9 | C16: Lørdag | D16: 31 | E16: Maj | F16: 0.54166667 | G16: 89ers | H16: Towers | I16: MR | J16: AR | K16: TS | L16: FR | M16: BT | N16: KL | O16: KJ | Q16: TV-kamp | S16: =COUNTIF('Status data'!$A10:$H10,"1") -> 0 | T16: =COUNTIF('Status data'!$A10:$H10,"2") -> 0 | U16: =COUNTIF('Status data'!$A10:$H10,"3") -> 0 | AB16: =D16&E16&"-"&G16&"-v-"&H16 -> 31Maj-89ers-v-Towers
A17: NL | B17: 10 | C17: Lørdag | D17: 7 | E17: Juni | F17: 0.54166667 | G17: Gold Diggers | H17: 89ers | I17: JE | J17: DS | K17: TS | L17: HP | M17: FR | N17: ER | O17: KJ | S17: =COUNTIF('Status data'!$A11:$H11,"1") -> 0 | T17: =COUNTIF('Status data'!$A11:$H11,"2") -> 0 | U17: =COUNTIF('Status data'!$A11:$H11,"3") -> 0 | AB17: =D17&E17&"-"&G17&"-v-"&H17 -> 7Juni-Gold Diggers-v-89ers
A18: NL | B18: 10 | C18: Søndag | D18: 8 | E18: Juni | F18: 0.58333333 | G18: Razorbacks | H18: Oaks | I18: DS | J18: AR | K18: NI | L18: JL | M18: EL | N18: KL | O18: TK | Q18: TV-kamp | S18: =COUNTIF('Status data'!$A12:$H12,"1") -> 0 | T18: =COUNTIF('Status data'!$A12:$H12,"2") -> 0 | U18: =COUNTIF('Status data'!$A12:$H12,"3") -> 0 | AB18: =D18&E18&"-"&G18&"-v-"&H18 -> 8Juni-Razorbacks-v-Oaks
A19: NL | B19: 12 | C19: Søndag | D19: 22 | E19: Juni | F19: 0.54166667 | G19: Tigers | H19: Razorbacks | I19: MR | J19: AR | K19: NI | L19: JL | M19: BT | N19: KL | Q19: TV-kamp | T19: =COUNTIF('Status data'!$A13:$H13,"1") -> 0 | U19: =COUNTIF('Status data'!$A13:$H13,"2") -> 0 | AB19: =D19&E19&"-"&G19&"-v-"&H19 -> 22Juni-Tigers-v-Razorbacks
A20: NL | B20: 12 | C20: Søndag | D20: 22 | E20: Juni | F20: 0.54166667 | G20: Gold Diggers | H20: Towers | I20: FR | J20: DS | K20: MM | L20: HP | M20: JE | N20: ER | O20: KJ | AB20: =D20&E20&"-"&G20&"-v-"&H20 -> 22Juni-Gold Diggers-v-Towers
A21: NL | B21: 17 | C21: Lørdag | D21: 23 | E21: August | F21: 0.54166667 | G21: Towers | H21: Tigers | AB21: =D21&E21&"-"&G21&"-v-"&H21 -> 23August-Towers-v-Tigers
A22: NL | B22: 17 | C22: Søndag | D22: 24 | E22: August | F22: 0.54166667 | G22: 89ers | H22: Razorbacks | S22: =COUNTIF('Status data'!$A14:$H14,"1") -> 0 | T22: =COUNTIF('Status data'!$A14:$H14,"2") -> 0 | U22: =COUNTIF('Status data'!$A14:$H14,"3") -> 0 | AB22: =D22&E22&"-"&G22&"-v-"&H22 -> 24August-89ers-v-Razorbacks
A23: NL | B23: 17 | C23: Søndag | D23: 24 | E23: August | F23: 0.54166667 | G23: Gold Diggers | H23: Oaks | AB23: =D23&E23&"-"&G23&"-v-"&H23 -> 24August-Gold Diggers-v-Oaks
A24: NL | B24: 18 | C24: Lørdag | D24: 30 | E24: August | F24: 0.54166667 | G24: 89ers | H24: Gold Diggers | Q24: Muligvis TV-kamp | S24: =COUNTIF('Status data'!$A17:$H17,"1") -> 0 | T24: =COUNTIF('Status data'!$A17:$H17,"2") -> 0 | U24: =COUNTIF('Status data'!$A17:$H17,"3") -> 0 | AB24: =D24&E24&"-"&G24&"-v-"&H24 -> 30August-89ers-v-Gold Diggers
A25: NL | B25: 18 | C25: Søndag | D25: 31 | E25: August | F25: 0.54166667 | G25: Towers | H25: Razorbacks | AB25: =D25&E25&"-"&G25&"-v-"&H25 -> 31August-Towers-v-Razorbacks
A26: NL | B26: 18 | C26: Søndag | D26: 31 | E26: August | F26: 0.54166667 | G26: Tigers | H26: Oaks | S26: =COUNTIF('Status data'!$A18:$H18,"1") -> 0 | T26: =COUNTIF('Status data'!$A18:$H18,"2") -> 0 | U26: =COUNTIF('Status data'!$A18:$H18,"3") -> 0 | AB26: =D26&E26&"-"&G26&"-v-"&H26 -> 31August-Tigers-v-Oaks
A27: NL | B27: 20 | C27: Fredag | D27: 12 | E27: September | F27: TBD | G27: Towers | H27: Gold Diggers | Q27: TV-kamp | AB27: =D27&E27&"-"&G27&"-v-"&H27 -> 12September-Towers-v-Gold Diggers
A28: NL | B28: 20 | C28: Lørdag | D28: 13 | E28: September | F28: 0.54166667 | G28: Oaks | H28: 89ers | S28: =COUNTIF('Status data'!$A20:$H20,"1") -> 0 | T28: =COUNTIF('Status data'!$A20:$H20,"2") -> 0 | U28: =COUNTIF('Status data'!$A20:$H20,"3") -> 0 | AB28: =D28&E28&"-"&G28&"-v-"&H28 -> 13September-Oaks-v-89ers
A29: NL | B29: 20 | C29: Søndag | D29: 14 | E29: September | F29: 0.54166667 | G29: Razorbacks | H29: Tigers | S29: =COUNTIF('Status data'!$A23:$H23,"1") -> 0 | T29: =COUNTIF('Status data'!$A23:$H23,"2") -> 0 | U29: =COUNTIF('Status data'!$A23:$H23,"3") -> 0 | AB29: =D29&E29&"-"&G29&"-v-"&H29 -> 14September-Razorbacks-v-Tigers
A30: NL | B30: 22 | C30: Lørdag | D30: 27 | E30: September | F30: TBD | G30: Semi | AB30: =D30&E30&"-"&G30&"-v-"&H30 -> 27September-Semi-v-
A31: NL | B31: 22 | C31: Lørdag | D31: 27 | E31: September | F31: TBD | G31: Semi | AB31: =D31&E31&"-"&G31&"-v-"&H31 -> 27September-Semi-v-
A32: NL | B32: 23 | C32: Lørdag | D32: 4 | E32: Oktober | F32: TBD | G32: Mermaid Bowl | AB32: =D32&E32&"-"&G32&"-v-"&H32 -> 4Oktober-Mermaid Bowl-v-
Q34: U17 NM, uge 42 @ København - Onsdag + Lørdag
A36: Navn | B36: Initialer | C36: Kurser | D36: NL forår | E36: Vest forår | F36: Øst forår | G36: Assignment Forår | H36: NL efterår (grundspil) | I36: LL Efterår | J36: NL totalt (grundspil) | K36: In-stribes Total (grundspil)
A37: Michael Rahbek | B37: MR | C37: =IF($A37="","",SUM(($A$2:$A$32="Vedligeholdende")*($I$2:$P$32=$B37))) -> #VALUE! | D37: =IF($A37="","",SUM(($A$2:$A$20="NL")*($I$2:$P$20=$B37))) -> #VALUE! | E37: =IF($A37="","",SUM(($G$7:$G$20="Razorbacks")*($I$7:$P$20=$B37))+SUM(($G$7:$G$20="Tigers")*($I$7:$P$20=$B37))+SUM(($G$7:$G$20="89ers")*($I$7:$P$20=$B37))) -> #VALUE! | F37: =IF($A37="","",SUM(($G$7:$G$20="Oaks")*($I$7:$P$20=$B37))+SUM(($G$7:$G$20="Gold Diggers")*($I$7:$P$20=$B37))+SUM(($G$7:$G$20="Towers")*($I$7:$P$20=$B37))) -> #VALUE! | G37: =IF($A37="","",C37+D37) -> #VALUE! | H37: =IF($A37="","",SUM(($A$21:$A$29="NL")*($I$21:$P$29=$B37))) -> #VALUE! | I37: =IF($A37="","",COUNTIF($I$21:$P$29,$B37)-H37) -> #VALUE! | J37: =IF($A37="","",SUM(($A$2:$A$29="NL")*($I$2:$P$29=$B37))) -> #VALUE! | K37: =IF($A37="","",COUNTIF($I$2:$P$29,$B37)-C37) -> #VALUE!
A38: Frank Rasmussen | B38: FR | C38: =IF($A38="","",SUM(($A$2:$A$32="Vedligeholdende")*($I$2:$P$32=$B38))) -> #VALUE! | D38: =IF($A38="","",SUM(($A$2:$A$20="NL")*($I$2:$P$20=$B38))) -> #VALUE! | E38: =IF($A38="","",SUM(($G$7:$G$20="Razorbacks")*($I$7:$P$20=$B38))+SUM(($G$7:$G$20="Tigers")*($I$7:$P$20=$B38))+SUM(($G$7:$G$20="89ers")*($I$7:$P$20=$B38))) -> #VALUE! | F38: =IF($A38="","",SUM(($G$7:$G$20="Oaks")*($I$7:$P$20=$B38))+SUM(($G$7:$G$20="Gold Diggers")*($I$7:$P$20=$B38))+SUM(($G$7:$G$20="Towers")*($I$7:$P$20=$B38))) -> #VALUE! | G38: =IF($A38="","",C38+D38) -> #VALUE! | H38: =IF($A38="","",SUM(($A$21:$A$29="NL")*($I$21:$P$29=$B38))) -> #VALUE! | I38: =IF($A38="","",COUNTIF($I$21:$P$29,$B38)-H38) -> #VALUE! | J38: =IF($A38="","",SUM(($A$2:$A$29="NL")*($I$2:$P$29=$B38))) -> #VALUE! | K38: =IF($A38="","",COUNTIF($I$2:$P$29,$B38)-C38) -> #VALUE! | R38: =DATA!I65 | W38: =SUM(Y1:Y28) -> 0 | X38: 2 | Y38: medium
A39: Frank Kristensen | B39: FK | C39: =IF($A39="","",SUM(($A$2:$A$32="Vedligeholdende")*($I$2:$P$32=$B39))) -> #VALUE! | D39: =IF($A39="","",SUM(($A$2:$A$20="NL")*($I$2:$P$20=$B39))) -> #VALUE! | E39: =IF($A39="","",SUM(($G$7:$G$20="Razorbacks")*($I$7:$P$20=$B39))+SUM(($G$7:$G$20="Tigers")*($I$7:$P$20=$B39))+SUM(($G$7:$G$20="89ers")*($I$7:$P$20=$B39))) -> #VALUE! | F39: =IF($A39="","",SUM(($G$7:$G$20="Oaks")*($I$7:$P$20=$B39))+SUM(($G$7:$G$20="Gold Diggers")*($I$7:$P$20=$B39))+SUM(($G$7:$G$20="Towers")*($I$7:$P$20=$B39))) -> #VALUE! | G39: =IF($A39="","",C39+D39) -> #VALUE! | H39: =IF($A39="","",SUM(($A$21:$A$29="NL")*($I$21:$P$29=$B39))) -> #VALUE! | I39: =IF($A39="","",COUNTIF($I$21:$P$29,$B39)-H39) -> #VALUE! | J39: =IF($A39="","",SUM(($A$2:$A$29="NL")*($I$2:$P$29=$B39))) -> #VALUE! | K39: =IF($A39="","",COUNTIF($I$2:$P$29,$B39)-C39) -> #VALUE!
C40: =IF($A40="","",SUM(($A$2:$A$32="Vedligeholdende")*($I$2:$P$32=$B40))) | D40: =IF($A40="","",SUM(($A$2:$A$20="NL")*($I$2:$P$20=$B40))) | E40: =IF($A40="","",SUM(($G$7:$G$20="Razorbacks")*($I$7:$P$20=$B40))+SUM(($G$7:$G$20="Tigers")*($I$7:$P$20=$B40))+SUM(($G$7:$G$20="89ers")*($I$7:$P$20=$B40))) | F40: =IF($A40="","",SUM(($G$7:$G$20="Oaks")*($I$7:$P$20=$B40))+SUM(($G$7:$G$20="Gold Diggers")*($I$7:$P$20=$B40))+SUM(($G$7:$G$20="Towers")*($I$7:$P$20=$B40))) | G40: =IF($A40="","",C40+D40) | H40: =IF($A40="","",SUM(($A$21:$A$29="NL")*($I$21:$P$29=$B40))) | I40: =IF($A40="","",COUNTIF($I$21:$P$29,$B40)-H40) | J40: =IF($A40="","",SUM(($A$2:$A$29="NL")*($I$2:$P$29=$B40))) | K40: =IF($A40="","",COUNTIF($I$2:$P$29,$B40)-C40)
A41: Asbjørn Rohold | B41: AR | C41: =IF($A41="","",SUM(($A$2:$A$32="Vedligeholdende")*($I$2:$P$32=$B41))) -> #VALUE! | D41: =IF($A41="","",SUM(($A$2:$A$20="NL")*($I$2:$P$20=$B41))) -> #VALUE! | E41: =IF($A41="","",SUM(($G$7:$G$20="Razorbacks")*($I$7:$P$20=$B41))+SUM(($G$7:$G$20="Tigers")*($I$7:$P$20=$B41))+SUM(($G$7:$G$20="89ers")*($I$7:$P$20=$B41))) -> #VALUE! | F41: =IF($A41="","",SUM(($G$7:$G$20="Oaks")*($I$7:$P$20=$B41))+SUM(($G$7:$G$20="Gold Diggers")*($I$7:$P$20=$B41))+SUM(($G$7:$G$20="Towers")*($I$7:$P$20=$B41))) -> #VALUE! | G41: =IF($A41="","",C41+D41) -> #VALUE! | H41: =IF($A41="","",SUM(($A$21:$A$29="NL")*($I$21:$P$29=$B41))) -> #VALUE! | I41: =IF($A41="","",COUNTIF($I$21:$P$29,$B41)-H41) -> #VALUE! | J41: =IF($A41="","",SUM(($A$2:$A$29="NL")*($I$2:$P$29=$B41))) -> #VALUE! | K41: =IF($A41="","",COUNTIF($I$2:$P$29,$B41)-C41) -> #VALUE! | V41: MEDIAN | W41: =MEDIAN(Y12:Y29) -> #NUM! | X41: s | Y41: stats
A42: Vincent Nordkov | B42: VN | C42: =IF($A42="","",SUM(($A$2:$A$32="Vedligeholdende")*($I$2:$P$32=$B42))) -> #VALUE! | D42: =IF($A42="","",SUM(($A$2:$A$20="NL")*($I$2:$P$20=$B42))) -> #VALUE! | E42: =IF($A42="","",SUM(($G$7:$G$20="Razorbacks")*($I$7:$P$20=$B42))+SUM(($G$7:$G$20="Tigers")*($I$7:$P$20=$B42))+SUM(($G$7:$G$20="89ers")*($I$7:$P$20=$B42))) -> #VALUE! | F42: =IF($A42="","",SUM(($G$7:$G$20="Oaks")*($I$7:$P$20=$B42))+SUM(($G$7:$G$20="Gold Diggers")*($I$7:$P$20=$B42))+SUM(($G$7:$G$20="Towers")*($I$7:$P$20=$B42))) -> #VALUE! | G42: =IF($A42="","",C42+D42) -> #VALUE! | H42: =IF($A42="","",SUM(($A$21:$A$29="NL")*($I$21:$P$29=$B42))) -> #VALUE! | I42: =IF($A42="","",COUNTIF($I$21:$P$29,$B42)-H42) -> #VALUE! | J42: =IF($A42="","",SUM(($A$2:$A$29="NL")*($I$2:$P$29=$B42))) -> #VALUE! | K42: =IF($A42="","",COUNTIF($I$2:$P$29,$B42)-C42) -> #VALUE!
A43: Dennis Svensson | B43: DS | C43: =IF($A43="","",SUM(($A$2:$A$32="Vedligeholdende")*($I$2:$P$32=$B43))) -> #VALUE! | D43: =IF($A43="","",SUM(($A$2:$A$20="NL")*($I$2:$P$20=$B43))) -> #VALUE! | E43: =IF($A43="","",SUM(($G$7:$G$20="Razorbacks")*($I$7:$P$20=$B43))+SUM(($G$7:$G$20="Tigers")*($I$7:$P$20=$B43))+SUM(($G$7:$G$20="89ers")*($I$7:$P$20=$B43))) -> #VALUE! | F43: =IF($A43="","",SUM(($G$7:$G$20="Oaks")*($I$7:$P$20=$B43))+SUM(($G$7:$G$20="Gold Diggers")*($I$7:$P$20=$B43))+SUM(($G$7:$G$20="Towers")*($I$7:$P$20=$B43))) -> #VALUE! | G43: =IF($A43="","",C43+D43) -> #VALUE! | H43: =IF($A43="","",SUM(($A$21:$A$29="NL")*($I$21:$P$29=$B43))) -> #VALUE! | I43: =IF($A43="","",COUNTIF($I$21:$P$29,$B43)-H43) -> #VALUE! | J43: =IF($A43="","",SUM(($A$2:$A$29="NL")*($I$2:$P$29=$B43))) -> #VALUE! | K43: =IF($A43="","",COUNTIF($I$2:$P$29,$B43)-C43) -> #VALUE! | V43: PROJECTED 2 | W43: =SUM(Y12:Y29)/23*40 -> 0 | X43: t | Y43: tv
C44: =IF($A44="","",SUM(($A$2:$A$32="Vedligeholdende")*($I$2:$P$32=$B44))) | D44: =IF($A44="","",SUM(($A$2:$A$20="NL")*($I$2:$P$20=$B44))) | E44: =IF($A44="","",SUM(($G$7:$G$20="Razorbacks")*($I$7:$P$20=$B44))+SUM(($G$7:$G$20="Tigers")*($I$7:$P$20=$B44))+SUM(($G$7:$G$20="89ers")*($I$7:$P$20=$B44))) | F44: =IF($A44="","",SUM(($G$7:$G$20="Oaks")*($I$7:$P$20=$B44))+SUM(($G$7:$G$20="Gold Diggers")*($I$7:$P$20=$B44))+SUM(($G$7:$G$20="Towers")*($I$7:$P$20=$B44))) | G44: =IF($A44="","",C44+D44) | H44: =IF($A44="","",SUM(($A$21:$A$29="NL")*($I$21:$P$29=$B44))) | I44: =IF($A44="","",COUNTIF($I$21:$P$29,$B44)-H44) | J44: =IF($A44="","",SUM(($A$2:$A$29="NL")*($I$2:$P$29=$B44))) | K44: =IF($A44="","",COUNTIF($I$2:$P$29,$B44)-C44)
A45: Niels Ilberg | B45: NI | C45: =IF($A45="","",SUM(($A$2:$A$32="Vedligeholdende")*($I$2:$P$32=$B45))) -> #VALUE! | D45: =IF($A45="","",SUM(($A$2:$A$20="NL")*($I$2:$P$20=$B45))) -> #VALUE! | E45: =IF($A45="","",SUM(($G$7:$G$20="Razorbacks")*($I$7:$P$20=$B45))+SUM(($G$7:$G$20="Tigers")*($I$7:$P$20=$B45))+SUM(($G$7:$G$20="89ers")*($I$7:$P$20=$B45))) -> #VALUE! | F45: =IF($A45="","",SUM(($G$7:$G$20="Oaks")*($I$7:$P$20=$B45))+SUM(($G$7:$G$20="Gold Diggers")*($I$7:$P$20=$B45))+SUM(($G$7:$G$20="Towers")*($I$7:$P$20=$B45))) -> #VALUE! | G45: =IF($A45="","",C45+D45) -> #VALUE! | H45: =IF($A45="","",SUM(($A$21:$A$29="NL")*($I$21:$P$29=$B45))) -> #VALUE! | I45: =IF($A45="","",COUNTIF($I$21:$P$29,$B45)-H45) -> #VALUE! | J45: =IF($A45="","",SUM(($A$2:$A$29="NL")*($I$2:$P$29=$B45))) -> #VALUE! | K45: =IF($A45="","",COUNTIF($I$2:$P$29,$B45)-C45) -> #VALUE!
A46: Jesper Lytzen | B46: JL | C46: =IF($A46="","",SUM(($A$2:$A$32="Vedligeholdende")*($I$2:$P$32=$B46))) -> #VALUE! | D46: =IF($A46="","",SUM(($A$2:$A$20="NL")*($I$2:$P$20=$B46))) -> #VALUE! | E46: =IF($A46="","",SUM(($G$7:$G$20="Razorbacks")*($I$7:$P$20=$B46))+SUM(($G$7:$G$20="Tigers")*($I$7:$P$20=$B46))+SUM(($G$7:$G$20="89ers")*($I$7:$P$20=$B46))) -> #VALUE! | F46: =IF($A46="","",SUM(($G$7:$G$20="Oaks")*($I$7:$P$20=$B46))+SUM(($G$7:$G$20="Gold Diggers")*($I$7:$P$20=$B46))+SUM(($G$7:$G$20="Towers")*($I$7:$P$20=$B46))) -> #VALUE! | G46: =IF($A46="","",C46+D46) -> #VALUE! | H46: =IF($A46="","",SUM(($A$21:$A$29="NL")*($I$21:$P$29=$B46))) -> #VALUE! | I46: =IF($A46="","",COUNTIF($I$21:$P$29,$B46)-H46) -> #VALUE! | J46: =IF($A46="","",SUM(($A$2:$A$29="NL")*($I$2:$P$29=$B46))) -> #VALUE! | K46: =IF($A46="","",COUNTIF($I$2:$P$29,$B46)-C46) -> #VALUE!
A47: Thomas Siggaard | B47: TS | C47: =IF($A47="","",SUM(($A$2:$A$32="Vedligeholdende")*($I$2:$P$32=$B47))) -> #VALUE! | D47: =IF($A47="","",SUM(($A$2:$A$20="NL")*($I$2:$P$20=$B47))) -> #VALUE! | E47: =IF($A47="","",SUM(($G$7:$G$20="Razorbacks")*($I$7:$P$20=$B47))+SUM(($G$7:$G$20="Tigers")*($I$7:$P$20=$B47))+SUM(($G$7:$G$20="89ers")*($I$7:$P$20=$B47))) -> #VALUE! | F47: =IF($A47="","",SUM(($G$7:$G$20="Oaks")*($I$7:$P$20=$B47))+SUM(($G$7:$G$20="Gold Diggers")*($I$7:$P$20=$B47))+SUM(($G$7:$G$20="Towers")*($I$7:$P$20=$B47))) -> #VALUE! | G47: =IF($A47="","",C47+D47) -> #VALUE! | H47: =IF($A47="","",SUM(($A$21:$A$29="NL")*($I$21:$P$29=$B47))) -> #VALUE! | I47: =IF($A47="","",COUNTIF($I$21:$P$29,$B47)-H47) -> #VALUE! | J47: =IF($A47="","",SUM(($A$2:$A$29="NL")*($I$2:$P$29=$B47))) -> #VALUE! | K47: =IF($A47="","",COUNTIF($I$2:$P$29,$B47)-C47) -> #VALUE!
A48: Søren R. Petersen | B48: SR | C48: =IF($A48="","",SUM(($A$2:$A$32="Vedligeholdende")*($I$2:$P$32=$B48))) -> #VALUE! | D48: =IF($A48="","",SUM(($A$2:$A$20="NL")*($I$2:$P$20=$B48))) -> #VALUE! | E48: =IF($A48="","",SUM(($G$7:$G$20="Razorbacks")*($I$7:$P$20=$B48))+SUM(($G$7:$G$20="Tigers")*($I$7:$P$20=$B48))+SUM(($G$7:$G$20="89ers")*($I$7:$P$20=$B48))) -> #VALUE! | F48: =IF($A48="","",SUM(($G$7:$G$20="Oaks")*($I$7:$P$20=$B48))+SUM(($G$7:$G$20="Gold Diggers")*($I$7:$P$20=$B48))+SUM(($G$7:$G$20="Towers")*($I$7:$P$20=$B48))) -> #VALUE! | G48: =IF($A48="","",C48+D48) -> #VALUE! | H48: =IF($A48="","",SUM(($A$21:$A$29="NL")*($I$21:$P$29=$B48))) -> #VALUE! | I48: =IF($A48="","",COUNTIF($I$21:$P$29,$B48)-H48) -> #VALUE! | J48: =IF($A48="","",SUM(($A$2:$A$29="NL")*($I$2:$P$29=$B48))) -> #VALUE! | K48: =IF($A48="","",COUNTIF($I$2:$P$29,$B48)-C48) -> #VALUE!
A49: Jonas Krum | B49: JK | C49: =IF($A49="","",SUM(($A$2:$A$32="Vedligeholdende")*($I$2:$P$32=$B49))) -> #VALUE! | D49: =IF($A49="","",SUM(($A$2:$A$20="NL")*($I$2:$P$20=$B49))) -> #VALUE! | E49: =IF($A49="","",SUM(($G$7:$G$20="Razorbacks")*($I$7:$P$20=$B49))+SUM(($G$7:$G$20="Tigers")*($I$7:$P$20=$B49))+SUM(($G$7:$G$20="89ers")*($I$7:$P$20=$B49))) -> #VALUE! | F49: =IF($A49="","",SUM(($G$7:$G$20="Oaks")*($I$7:$P$20=$B49))+SUM(($G$7:$G$20="Gold Diggers")*($I$7:$P$20=$B49))+SUM(($G$7:$G$20="Towers")*($I$7:$P$20=$B49))) -> #VALUE! | G49: =IF($A49="","",C49+D49) -> #VALUE! | H49: =IF($A49="","",SUM(($A$21:$A$29="NL")*($I$21:$P$29=$B49))) -> #VALUE! | I49: =IF($A49="","",COUNTIF($I$21:$P$29,$B49)-H49) -> #VALUE! | J49: =IF($A49="","",SUM(($A$2:$A$29="NL")*($I$2:$P$29=$B49))) -> #VALUE! | K49: =IF($A49="","",COUNTIF($I$2:$P$29,$B49)-C49) -> #VALUE! | R49: =DATA!I66 | U49: =SUMIF(G$12:G$32,Q51,Y$12:Y$29) -> 0 | V49: =U49/R51 -> #DIV/0!
A50: Martin Mikkelsen | B50: MM | C50: =IF($A50="","",SUM(($A$2:$A$32="Vedligeholdende")*($I$2:$P$32=$B50))) -> #VALUE! | D50: =IF($A50="","",SUM(($A$2:$A$20="NL")*($I$2:$P$20=$B50))) -> #VALUE! | E50: =IF($A50="","",SUM(($G$7:$G$20="Razorbacks")*($I$7:$P$20=$B50))+SUM(($G$7:$G$20="Tigers")*($I$7:$P$20=$B50))+SUM(($G$7:$G$20="89ers")*($I$7:$P$20=$B50))) -> #VALUE! | F50: =IF($A50="","",SUM(($G$7:$G$20="Oaks")*($I$7:$P$20=$B50))+SUM(($G$7:$G$20="Gold Diggers")*($I$7:$P$20=$B50))+SUM(($G$7:$G$20="Towers")*($I$7:$P$20=$B50))) -> #VALUE! | G50: =IF($A50="","",C50+D50) -> #VALUE! | H50: =IF($A50="","",SUM(($A$21:$A$29="NL")*($I$21:$P$29=$B50))) -> #VALUE! | I50: =IF($A50="","",COUNTIF($I$21:$P$29,$B50)-H50) -> #VALUE! | J50: =IF($A50="","",SUM(($A$2:$A$29="NL")*($I$2:$P$29=$B50))) -> #VALUE! | K50: =IF($A50="","",COUNTIF($I$2:$P$29,$B50)-C50) -> #VALUE! | R50: =DATA!I67
A51: Hans Peter Roth | B51: HP | C51: =IF($A51="","",SUM(($A$2:$A$32="Vedligeholdende")*($I$2:$P$32=$B51))) -> #VALUE! | D51: =IF($A51="","",SUM(($A$2:$A$20="NL")*($I$2:$P$20=$B51))) -> #VALUE! | E51: =IF($A51="","",SUM(($G$7:$G$20="Razorbacks")*($I$7:$P$20=$B51))+SUM(($G$7:$G$20="Tigers")*($I$7:$P$20=$B51))+SUM(($G$7:$G$20="89ers")*($I$7:$P$20=$B51))) -> #VALUE! | F51: =IF($A51="","",SUM(($G$7:$G$20="Oaks")*($I$7:$P$20=$B51))+SUM(($G$7:$G$20="Gold Diggers")*($I$7:$P$20=$B51))+SUM(($G$7:$G$20="Towers")*($I$7:$P$20=$B51))) -> #VALUE! | G51: =IF($A51="","",C51+D51) -> #VALUE! | H51: =IF($A51="","",SUM(($A$21:$A$29="NL")*($I$21:$P$29=$B51))) -> #VALUE! | I51: =IF($A51="","",COUNTIF($I$21:$P$29,$B51)-H51) -> #VALUE! | J51: =IF($A51="","",SUM(($A$2:$A$29="NL")*($I$2:$P$29=$B51))) -> #VALUE! | K51: =IF($A51="","",COUNTIF($I$2:$P$29,$B51)-C51) -> #VALUE!
A52: Albert Fosberg | B52: AF | C52: =IF($A52="","",SUM(($A$2:$A$32="Vedligeholdende")*($I$2:$P$32=$B52))) -> #VALUE! | D52: =IF($A52="","",SUM(($A$2:$A$20="NL")*($I$2:$P$20=$B52))) -> #VALUE! | E52: =IF($A52="","",SUM(($G$7:$G$20="Razorbacks")*($I$7:$P$20=$B52))+SUM(($G$7:$G$20="Tigers")*($I$7:$P$20=$B52))+SUM(($G$7:$G$20="89ers")*($I$7:$P$20=$B52))) -> #VALUE! | F52: =IF($A52="","",SUM(($G$7:$G$20="Oaks")*($I$7:$P$20=$B52))+SUM(($G$7:$G$20="Gold Diggers")*($I$7:$P$20=$B52))+SUM(($G$7:$G$20="Towers")*($I$7:$P$20=$B52))) -> #VALUE! | G52: =IF($A52="","",C52+D52) -> #VALUE! | H52: =IF($A52="","",SUM(($A$21:$A$29="NL")*($I$21:$P$29=$B52))) -> #VALUE! | I52: =IF($A52="","",COUNTIF($I$21:$P$29,$B52)-H52) -> #VALUE! | J52: =IF($A52="","",SUM(($A$2:$A$29="NL")*($I$2:$P$29=$B52))) -> #VALUE! | K52: =IF($A52="","",COUNTIF($I$2:$P$29,$B52)-C52) -> #VALUE!
A53: Mark Poulsen | B53: MP | C53: =IF($A53="","",SUM(($A$2:$A$32="Vedligeholdende")*($I$2:$P$32=$B53))) -> #VALUE! | D53: =IF($A53="","",SUM(($A$2:$A$20="NL")*($I$2:$P$20=$B53))) -> #VALUE! | E53: =IF($A53="","",SUM(($G$7:$G$20="Razorbacks")*($I$7:$P$20=$B53))+SUM(($G$7:$G$20="Tigers")*($I$7:$P$20=$B53))+SUM(($G$7:$G$20="89ers")*($I$7:$P$20=$B53))) -> #VALUE! | F53: =IF($A53="","",SUM(($G$7:$G$20="Oaks")*($I$7:$P$20=$B53))+SUM(($G$7:$G$20="Gold Diggers")*($I$7:$P$20=$B53))+SUM(($G$7:$G$20="Towers")*($I$7:$P$20=$B53))) -> #VALUE! | G53: =IF($A53="","",C53+D53) -> #VALUE! | H53: =IF($A53="","",SUM(($A$21:$A$29="NL")*($I$21:$P$29=$B53))) -> #VALUE! | I53: =IF($A53="","",COUNTIF($I$21:$P$29,$B53)-H53) -> #VALUE! | J53: =IF($A53="","",SUM(($A$2:$A$29="NL")*($I$2:$P$29=$B53))) -> #VALUE! | K53: =IF($A53="","",COUNTIF($I$2:$P$29,$B53)-C53) -> #VALUE!
A54: Alex Lind | B54: AL | C54: =IF($A54="","",SUM(($A$2:$A$32="Vedligeholdende")*($I$2:$P$32=$B54))) -> #VALUE! | D54: =IF($A54="","",SUM(($A$2:$A$20="NL")*($I$2:$P$20=$B54))) -> #VALUE! | E54: =IF($A54="","",SUM(($G$7:$G$20="Razorbacks")*($I$7:$P$20=$B54))+SUM(($G$7:$G$20="Tigers")*($I$7:$P$20=$B54))+SUM(($G$7:$G$20="89ers")*($I$7:$P$20=$B54))) -> #VALUE! | F54: =IF($A54="","",SUM(($G$7:$G$20="Oaks")*($I$7:$P$20=$B54))+SUM(($G$7:$G$20="Gold Diggers")*($I$7:$P$20=$B54))+SUM(($G$7:$G$20="Towers")*($I$7:$P$20=$B54))) -> #VALUE! | G54: =IF($A54="","",C54+D54) -> #VALUE! | H54: =IF($A54="","",SUM(($A$21:$A$29="NL")*($I$21:$P$29=$B54))) -> #VALUE! | I54: =IF($A54="","",COUNTIF($I$21:$P$29,$B54)-H54) -> #VALUE! | J54: =IF($A54="","",SUM(($A$2:$A$29="NL")*($I$2:$P$29=$B54))) -> #VALUE! | K54: =IF($A54="","",COUNTIF($I$2:$P$29,$B54)-C54) -> #VALUE!
C55: =IF($A55="","",SUM(($A$2:$A$32="Vedligeholdende")*($I$2:$P$32=$B55))) | D55: =IF($A55="","",SUM(($A$2:$A$20="NL")*($I$2:$P$20=$B55))) | E55: =IF($A55="","",SUM(($G$7:$G$20="Razorbacks")*($I$7:$P$20=$B55))+SUM(($G$7:$G$20="Tigers")*($I$7:$P$20=$B55))+SUM(($G$7:$G$20="89ers")*($I$7:$P$20=$B55))) | F55: =IF($A55="","",SUM(($G$7:$G$20="Oaks")*($I$7:$P$20=$B55))+SUM(($G$7:$G$20="Gold Diggers")*($I$7:$P$20=$B55))+SUM(($G$7:$G$20="Towers")*($I$7:$P$20=$B55))) | G55: =IF($A55="","",C55+D55) | H55: =IF($A55="","",SUM(($A$21:$A$29="NL")*($I$21:$P$29=$B55))) | I55: =IF($A55="","",COUNTIF($I$21:$P$29,$B55)-H55) | J55: =IF($A55="","",SUM(($A$2:$A$29="NL")*($I$2:$P$29=$B55))) | K55: =IF($A55="","",COUNTIF($I$2:$P$29,$B55)-C55)
A56: Kim Larsen | B56: KL | C56: =IF($A56="","",SUM(($A$2:$A$32="Vedligeholdende")*($I$2:$P$32=$B56))) -> #VALUE! | D56: =IF($A56="","",SUM(($A$2:$A$20="NL")*($I$2:$P$20=$B56))) -> #VALUE! | E56: =IF($A56="","",SUM(($G$7:$G$20="Razorbacks")*($I$7:$P$20=$B56))+SUM(($G$7:$G$20="Tigers")*($I$7:$P$20=$B56))+SUM(($G$7:$G$20="89ers")*($I$7:$P$20=$B56))) -> #VALUE! | F56: =IF($A56="","",SUM(($G$7:$G$20="Oaks")*($I$7:$P$20=$B56))+SUM(($G$7:$G$20="Gold Diggers")*($I$7:$P$20=$B56))+SUM(($G$7:$G$20="Towers")*($I$7:$P$20=$B56))) -> #VALUE! | G56: =IF($A56="","",C56+D56) -> #VALUE! | H56: =IF($A56="","",SUM(($A$21:$A$29="NL")*($I$21:$P$29=$B56))) -> #VALUE! | I56: =IF($A56="","",COUNTIF($I$21:$P$29,$B56)-H56) -> #VALUE! | J56: =IF($A56="","",SUM(($A$2:$A$29="NL")*($I$2:$P$29=$B56))) -> #VALUE! | K56: =IF($A56="","",COUNTIF($I$2:$P$29,$B56)-C56) -> #VALUE!
A57: Claus Nordberg | B57: OJ | C57: =IF($A57="","",SUM(($A$2:$A$32="Vedligeholdende")*($I$2:$P$32=$B57))) -> #VALUE! | D57: =IF($A57="","",SUM(($A$2:$A$20="NL")*($I$2:$P$20=$B57))) -> #VALUE! | E57: =IF($A57="","",SUM(($G$7:$G$20="Razorbacks")*($I$7:$P$20=$B57))+SUM(($G$7:$G$20="Tigers")*($I$7:$P$20=$B57))+SUM(($G$7:$G$20="89ers")*($I$7:$P$20=$B57))) -> #VALUE! | F57: =IF($A57="","",SUM(($G$7:$G$20="Oaks")*($I$7:$P$20=$B57))+SUM(($G$7:$G$20="Gold Diggers")*($I$7:$P$20=$B57))+SUM(($G$7:$G$20="Towers")*($I$7:$P$20=$B57))) -> #VALUE! | G57: =IF($A57="","",C57+D57) -> #VALUE! | H57: =IF($A57="","",SUM(($A$21:$A$29="NL")*($I$21:$P$29=$B57))) -> #VALUE! | I57: =IF($A57="","",COUNTIF($I$21:$P$29,$B57)-H57) -> #VALUE! | J57: =IF($A57="","",SUM(($A$2:$A$29="NL")*($I$2:$P$29=$B57))) -> #VALUE! | K57: =IF($A57="","",COUNTIF($I$2:$P$29,$B57)-C57) -> #VALUE!
A58: Mads Åkjær | B58: MÅ | C58: =IF($A58="","",SUM(($A$2:$A$32="Vedligeholdende")*($I$2:$P$32=$B58))) -> #VALUE! | D58: =IF($A58="","",SUM(($A$2:$A$20="NL")*($I$2:$P$20=$B58))) -> #VALUE! | E58: =IF($A58="","",SUM(($G$7:$G$20="Razorbacks")*($I$7:$P$20=$B58))+SUM(($G$7:$G$20="Tigers")*($I$7:$P$20=$B58))+SUM(($G$7:$G$20="89ers")*($I$7:$P$20=$B58))) -> #VALUE! | F58: =IF($A58="","",SUM(($G$7:$G$20="Oaks")*($I$7:$P$20=$B58))+SUM(($G$7:$G$20="Gold Diggers")*($I$7:$P$20=$B58))+SUM(($G$7:$G$20="Towers")*($I$7:$P$20=$B58))) -> #VALUE! | G58: =IF($A58="","",C58+D58) -> #VALUE! | H58: =IF($A58="","",SUM(($A$21:$A$29="NL")*($I$21:$P$29=$B58))) -> #VALUE! | I58: =IF($A58="","",COUNTIF($I$21:$P$29,$B58)-H58) -> #VALUE! | J58: =IF($A58="","",SUM(($A$2:$A$29="NL")*($I$2:$P$29=$B58))) -> #VALUE! | K58: =IF($A58="","",COUNTIF($I$2:$P$29,$B58)-C58) -> #VALUE!
A59: Kim Johannsen | B59: KJ | C59: =IF($A59="","",SUM(($A$2:$A$32="Vedligeholdende")*($I$2:$P$32=$B59))) -> #VALUE! | D59: =IF($A59="","",SUM(($A$2:$A$20="NL")*($I$2:$P$20=$B59))) -> #VALUE! | E59: =IF($A59="","",SUM(($G$7:$G$20="Razorbacks")*($I$7:$P$20=$B59))+SUM(($G$7:$G$20="Tigers")*($I$7:$P$20=$B59))+SUM(($G$7:$G$20="89ers")*($I$7:$P$20=$B59))) -> #VALUE! | F59: =IF($A59="","",SUM(($G$7:$G$20="Oaks")*($I$7:$P$20=$B59))+SUM(($G$7:$G$20="Gold Diggers")*($I$7:$P$20=$B59))+SUM(($G$7:$G$20="Towers")*($I$7:$P$20=$B59))) -> #VALUE! | G59: =IF($A59="","",C59+D59) -> #VALUE! | H59: =IF($A59="","",SUM(($A$21:$A$29="NL")*($I$21:$P$29=$B59))) -> #VALUE! | I59: =IF($A59="","",COUNTIF($I$21:$P$29,$B59)-H59) -> #VALUE! | J59: =IF($A59="","",SUM(($A$2:$A$29="NL")*($I$2:$P$29=$B59))) -> #VALUE! | K59: =IF($A59="","",COUNTIF($I$2:$P$29,$B59)-C59) -> #VALUE! | U59: =SUMIF(G$12:G$32,Q57,Y$12:Y$29) -> 0 | V59: =U59/R57 -> #DIV/0!
A60: Erik Rasmussen | B60: ER | C60: =IF($A60="","",SUM(($A$2:$A$32="Vedligeholdende")*($I$2:$P$32=$B60))) -> #VALUE! | D60: =IF($A60="","",SUM(($A$2:$A$20="NL")*($I$2:$P$20=$B60))) -> #VALUE! | E60: =IF($A60="","",SUM(($G$7:$G$20="Razorbacks")*($I$7:$P$20=$B60))+SUM(($G$7:$G$20="Tigers")*($I$7:$P$20=$B60))+SUM(($G$7:$G$20="89ers")*($I$7:$P$20=$B60))) -> #VALUE! | F60: =IF($A60="","",SUM(($G$7:$G$20="Oaks")*($I$7:$P$20=$B60))+SUM(($G$7:$G$20="Gold Diggers")*($I$7:$P$20=$B60))+SUM(($G$7:$G$20="Towers")*($I$7:$P$20=$B60))) -> #VALUE! | G60: =IF($A60="","",C60+D60) -> #VALUE! | H60: =IF($A60="","",SUM(($A$21:$A$29="NL")*($I$21:$P$29=$B60))) -> #VALUE! | I60: =IF($A60="","",COUNTIF($I$21:$P$29,$B60)-H60) -> #VALUE! | J60: =IF($A60="","",SUM(($A$2:$A$29="NL")*($I$2:$P$29=$B60))) -> #VALUE! | K60: =IF($A60="","",COUNTIF($I$2:$P$29,$B60)-C60) -> #VALUE!
C61: =IF($A61="","",SUM(($A$2:$A$32="Vedligeholdende")*($I$2:$P$32=$B61))) | D61: =IF($A61="","",SUM(($A$2:$A$20="NL")*($I$2:$P$20=$B61))) | E61: =IF($A61="","",SUM(($G$7:$G$20="Razorbacks")*($I$7:$P$20=$B61))+SUM(($G$7:$G$20="Tigers")*($I$7:$P$20=$B61))+SUM(($G$7:$G$20="89ers")*($I$7:$P$20=$B61))) | F61: =IF($A61="","",SUM(($G$7:$G$20="Oaks")*($I$7:$P$20=$B61))+SUM(($G$7:$G$20="Gold Diggers")*($I$7:$P$20=$B61))+SUM(($G$7:$G$20="Towers")*($I$7:$P$20=$B61))) | G61: =IF($A61="","",C61+D61) | H61: =IF($A61="","",SUM(($A$21:$A$29="NL")*($I$21:$P$29=$B61))) | I61: =IF($A61="","",COUNTIF($I$21:$P$29,$B61)-H61) | J61: =IF($A61="","",SUM(($A$2:$A$29="NL")*($I$2:$P$29=$B61))) | K61: =IF($A61="","",COUNTIF($I$2:$P$29,$B61)-C61)
A62: Jeppe Sejerø | B62: JE | C62: =IF($A62="","",SUM(($A$2:$A$32="Vedligeholdende")*($I$2:$P$32=$B62))) -> #VALUE! | D62: =IF($A62="","",SUM(($A$2:$A$20="NL")*($I$2:$P$20=$B62)))+1 -> #VALUE! | E62: =IF($A62="","",SUM(($G$7:$G$20="Razorbacks")*($I$7:$P$20=$B62))+SUM(($G$7:$G$20="Tigers")*($I$7:$P$20=$B62))+SUM(($G$7:$G$20="89ers")*($I$7:$P$20=$B62))) -> #VALUE! | F62: =IF($A62="","",SUM(($G$7:$G$20="Oaks")*($I$7:$P$20=$B62))+SUM(($G$7:$G$20="Gold Diggers")*($I$7:$P$20=$B62))+SUM(($G$7:$G$20="Towers")*($I$7:$P$20=$B62)))+1 -> #VALUE! | G62: =IF($A62="","",C62+D62) -> #VALUE! | H62: =IF($A62="","",SUM(($A$21:$A$29="NL")*($I$21:$P$29=$B62))) -> #VALUE! | I62: =IF($A62="","",COUNTIF($I$21:$P$29,$B62)-H62) -> #VALUE! | J62: =IF($A62="","",SUM(($A$2:$A$29="NL")*($I$2:$P$29=$B62)))+1 -> #VALUE! | K62: =IF($A62="","",COUNTIF($I$2:$P$29,$B62)-C62)+1 -> #VALUE!
A63: Brian Baagøe Andersen | B63: BA | C63: =IF($A63="","",SUM(($A$2:$A$32="Vedligeholdende")*($I$2:$P$32=$B63))) -> #VALUE! | D63: =IF($A63="","",SUM(($A$2:$A$20="NL")*($I$2:$P$20=$B63))) -> #VALUE! | E63: =IF($A63="","",SUM(($G$7:$G$20="Razorbacks")*($I$7:$P$20=$B63))+SUM(($G$7:$G$20="Tigers")*($I$7:$P$20=$B63))+SUM(($G$7:$G$20="89ers")*($I$7:$P$20=$B63))) -> #VALUE! | F63: =IF($A63="","",SUM(($G$7:$G$20="Oaks")*($I$7:$P$20=$B63))+SUM(($G$7:$G$20="Gold Diggers")*($I$7:$P$20=$B63))+SUM(($G$7:$G$20="Towers")*($I$7:$P$20=$B63))) -> #VALUE! | G63: =IF($A63="","",C63+D63) -> #VALUE! | H63: =IF($A63="","",SUM(($A$21:$A$29="NL")*($I$21:$P$29=$B63))) -> #VALUE! | I63: =IF($A63="","",COUNTIF($I$21:$P$29,$B63)-H63) -> #VALUE! | J63: =IF($A63="","",SUM(($A$2:$A$29="NL")*($I$2:$P$29=$B63))) -> #VALUE! | K63: =IF($A63="","",COUNTIF($I$2:$P$29,$B63)-C63) -> #VALUE! | U63: =SUMIF(G$12:G$32,#REF!,Y$12:Y$29) -> 0 | V63: =U63/#REF! -> #REF!
A64: Emil Riisgaard | B64: EM | C64: =IF($A64="","",SUM(($A$2:$A$32="Vedligeholdende")*($I$2:$P$32=$B64))) -> #VALUE! | D64: =IF($A64="","",SUM(($A$2:$A$20="NL")*($I$2:$P$20=$B64))) -> #VALUE! | E64: =IF($A64="","",SUM(($G$7:$G$20="Razorbacks")*($I$7:$P$20=$B64))+SUM(($G$7:$G$20="Tigers")*($I$7:$P$20=$B64))+SUM(($G$7:$G$20="89ers")*($I$7:$P$20=$B64))) -> #VALUE! | F64: =IF($A64="","",SUM(($G$7:$G$20="Oaks")*($I$7:$P$20=$B64))+SUM(($G$7:$G$20="Gold Diggers")*($I$7:$P$20=$B64))+SUM(($G$7:$G$20="Towers")*($I$7:$P$20=$B64))) -> #VALUE! | G64: =IF($A64="","",C64+D64) -> #VALUE! | H64: =IF($A64="","",SUM(($A$21:$A$29="NL")*($I$21:$P$29=$B64))) -> #VALUE! | I64: =IF($A64="","",COUNTIF($I$21:$P$29,$B64)-H64) -> #VALUE! | J64: =IF($A64="","",SUM(($A$2:$A$29="NL")*($I$2:$P$29=$B64))) -> #VALUE! | K64: =IF($A64="","",COUNTIF($I$2:$P$29,$B64)-C64) -> #VALUE!
A65: Martin Elskjær Møller | B65: ME | C65: =IF($A65="","",SUM(($A$2:$A$32="Vedligeholdende")*($I$2:$P$32=$B65))) -> #VALUE! | D65: =IF($A65="","",SUM(($A$2:$A$20="NL")*($I$2:$P$20=$B65))) -> #VALUE! | E65: =IF($A65="","",SUM(($G$7:$G$20="Razorbacks")*($I$7:$P$20=$B65))+SUM(($G$7:$G$20="Tigers")*($I$7:$P$20=$B65))+SUM(($G$7:$G$20="89ers")*($I$7:$P$20=$B65))) -> #VALUE! | F65: =IF($A65="","",SUM(($G$7:$G$20="Oaks")*($I$7:$P$20=$B65))+SUM(($G$7:$G$20="Gold Diggers")*($I$7:$P$20=$B65))+SUM(($G$7:$G$20="Towers")*($I$7:$P$20=$B65))) -> #VALUE! | G65: =IF($A65="","",C65+D65) -> #VALUE! | H65: =IF($A65="","",SUM(($A$21:$A$29="NL")*($I$21:$P$29=$B65))) -> #VALUE! | I65: =IF($A65="","",COUNTIF($I$21:$P$29,$B65)-H65) -> #VALUE! | J65: =IF($A65="","",SUM(($A$2:$A$29="NL")*($I$2:$P$29=$B65))) -> #VALUE! | K65: =IF($A65="","",COUNTIF($I$2:$P$29,$B65)-C65) -> #VALUE!
A66: Anders Tronier | B66: AT | C66: =IF($A66="","",SUM(($A$2:$A$32="Vedligeholdende")*($I$2:$P$32=$B66))) -> #VALUE! | D66: =IF($A66="","",SUM(($A$2:$A$20="NL")*($I$2:$P$20=$B66))) -> #VALUE! | E66: =IF($A66="","",SUM(($G$7:$G$20="Razorbacks")*($I$7:$P$20=$B66))+SUM(($G$7:$G$20="Tigers")*($I$7:$P$20=$B66))+SUM(($G$7:$G$20="89ers")*($I$7:$P$20=$B66))) -> #VALUE! | F66: =IF($A66="","",SUM(($G$7:$G$20="Oaks")*($I$7:$P$20=$B66))+SUM(($G$7:$G$20="Gold Diggers")*($I$7:$P$20=$B66))+SUM(($G$7:$G$20="Towers")*($I$7:$P$20=$B66))) -> #VALUE! | G66: =IF($A66="","",C66+D66) -> #VALUE! | H66: =IF($A66="","",SUM(($A$21:$A$29="NL")*($I$21:$P$29=$B66))) -> #VALUE! | I66: =IF($A66="","",COUNTIF($I$21:$P$29,$B66)-H66) -> #VALUE! | J66: =IF($A66="","",SUM(($A$2:$A$29="NL")*($I$2:$P$29=$B66))) -> #VALUE! | K66: =IF($A66="","",COUNTIF($I$2:$P$29,$B66)-C66) -> #VALUE!
A67: Troels Kristensen | B67: TK | C67: =IF($A67="","",SUM(($A$2:$A$32="Vedligeholdende")*($I$2:$P$32=$B67))) -> #VALUE! | D67: =IF($A67="","",SUM(($A$2:$A$20="NL")*($I$2:$P$20=$B67))) -> #VALUE! | E67: =IF($A67="","",SUM(($G$7:$G$20="Razorbacks")*($I$7:$P$20=$B67))+SUM(($G$7:$G$20="Tigers")*($I$7:$P$20=$B67))+SUM(($G$7:$G$20="89ers")*($I$7:$P$20=$B67))) -> #VALUE! | F67: =IF($A67="","",SUM(($G$7:$G$20="Oaks")*($I$7:$P$20=$B67))+SUM(($G$7:$G$20="Gold Diggers")*($I$7:$P$20=$B67))+SUM(($G$7:$G$20="Towers")*($I$7:$P$20=$B67))) -> #VALUE! | G67: =IF($A67="","",C67+D67) -> #VALUE! | H67: =IF($A67="","",SUM(($A$21:$A$29="NL")*($I$21:$P$29=$B67))) -> #VALUE! | I67: =IF($A67="","",COUNTIF($I$21:$P$29,$B67)-H67) -> #VALUE! | J67: =IF($A67="","",SUM(($A$2:$A$29="NL")*($I$2:$P$29=$B67))) -> #VALUE! | K67: =IF($A67="","",COUNTIF($I$2:$P$29,$B67)-C67) -> #VALUE!
A68: Emil Skov Lundager | B68: EL | C68: =IF($A68="","",SUM(($A$2:$A$32="Vedligeholdende")*($I$2:$P$32=$B68))) -> #VALUE! | D68: =IF($A68="","",SUM(($A$2:$A$20="NL")*($I$2:$P$20=$B68))) -> #VALUE! | E68: =IF($A68="","",SUM(($G$7:$G$20="Razorbacks")*($I$7:$P$20=$B68))+SUM(($G$7:$G$20="Tigers")*($I$7:$P$20=$B68))+SUM(($G$7:$G$20="89ers")*($I$7:$P$20=$B68))) -> #VALUE! | F68: =IF($A68="","",SUM(($G$7:$G$20="Oaks")*($I$7:$P$20=$B68))+SUM(($G$7:$G$20="Gold Diggers")*($I$7:$P$20=$B68))+SUM(($G$7:$G$20="Towers")*($I$7:$P$20=$B68))) -> #VALUE! | G68: =IF($A68="","",C68+D68) -> #VALUE! | H68: =IF($A68="","",SUM(($A$21:$A$29="NL")*($I$21:$P$29=$B68))) -> #VALUE! | I68: =IF($A68="","",COUNTIF($I$21:$P$29,$B68)-H68) -> #VALUE! | J68: =IF($A68="","",SUM(($A$2:$A$29="NL")*($I$2:$P$29=$B68))) -> #VALUE! | K68: =IF($A68="","",COUNTIF($I$2:$P$29,$B68)-C68) -> #VALUE!
A69: Ronnie Hansen | B69: RH | C69: =IF($A69="","",SUM(($A$2:$A$32="Vedligeholdende")*($I$2:$P$32=$B69))) -> #VALUE! | D69: =IF($A69="","",SUM(($A$2:$A$20="NL")*($I$2:$P$20=$B69)))+1 -> #VALUE! | E69: =IF($A69="","",SUM(($G$7:$G$20="Razorbacks")*($I$7:$P$20=$B69))+SUM(($G$7:$G$20="Tigers")*($I$7:$P$20=$B69))+SUM(($G$7:$G$20="89ers")*($I$7:$P$20=$B69))) -> #VALUE! | F69: =IF($A69="","",SUM(($G$7:$G$20="Oaks")*($I$7:$P$20=$B69))+SUM(($G$7:$G$20="Gold Diggers")*($I$7:$P$20=$B69))+SUM(($G$7:$G$20="Towers")*($I$7:$P$20=$B69)))+1 -> #VALUE! | G69: =IF($A69="","",C69+D69) -> #VALUE! | H69: =IF($A69="","",SUM(($A$21:$A$29="NL")*($I$21:$P$29=$B69))) -> #VALUE! | I69: =IF($A69="","",COUNTIF($I$21:$P$29,$B69)-H69) -> #VALUE! | J69: =IF($A69="","",SUM(($A$2:$A$29="NL")*($I$2:$P$29=$B69)))+1 -> #VALUE! | K69: =IF($A69="","",COUNTIF($I$2:$P$29,$B69)-C69)+1 -> #VALUE!
A70: Tommy Lønstrup Nielsen | B70: TO | C70: =IF($A70="","",SUM(($A$2:$A$32="Vedligeholdende")*($I$2:$P$32=$B70))) -> #VALUE! | D70: =IF($A70="","",SUM(($A$2:$A$20="NL")*($I$2:$P$20=$B70))) -> #VALUE! | E70: =IF($A70="","",SUM(($G$7:$G$20="Razorbacks")*($I$7:$P$20=$B70))+SUM(($G$7:$G$20="Tigers")*($I$7:$P$20=$B70))+SUM(($G$7:$G$20="89ers")*($I$7:$P$20=$B70))) -> #VALUE! | F70: =IF($A70="","",SUM(($G$7:$G$20="Oaks")*($I$7:$P$20=$B70))+SUM(($G$7:$G$20="Gold Diggers")*($I$7:$P$20=$B70))+SUM(($G$7:$G$20="Towers")*($I$7:$P$20=$B70))) -> #VALUE! | G70: =IF($A70="","",C70+D70) -> #VALUE! | H70: =IF($A70="","",SUM(($A$21:$A$29="NL")*($I$21:$P$29=$B70))) -> #VALUE! | I70: =IF($A70="","",COUNTIF($I$21:$P$29,$B70)-H70) -> #VALUE! | J70: =IF($A70="","",SUM(($A$2:$A$29="NL")*($I$2:$P$29=$B70))) -> #VALUE! | K70: =IF($A70="","",COUNTIF($I$2:$P$29,$B70)-C70) -> #VALUE!
A73: Jan Holst | B73: JH | P73: =DATA!I64
A74: Ulf Overbeck | B74: UO
A75: Thomas Lund-Hansen | B75: TH
A76: Toke Lund | B76: TL | W76: =AVERAGE(#REF!) -> #REF! | X76: 3 | Y76: best
A77: Søren Ekander Jensen | B77: SE
A78: Niclas Pedersen | B78: NP
A79: Michael Søndergaard Pedersen | B79: MS
A80: Kim Mørch Nørgaard | B80: KN
A81: Mohammad Ajine | B81: MA
A82: Martin Borg Andersen | B82: MB
A83: Jens S. Pedersen | B83: JP
A84: Jacob Weber | B84: JW
A85: Kasper Kristoffersen | B85: KK | S85: =SUMIF(G$12:G$32,O81,Y$12:Y$29) -> 0 | T85: =S85/P81 -> #DIV/0!
A86: Bo Thygesen | B86: BT | S86: =SUMIF(G$12:G$32,O82,Y$12:Y$29) -> 0 | T86: =S86/P82 -> #DIV/0!
A87: Christian Jørgensen | B87: CJ | S87: =SUMIF(G$12:G$32,O83,Y$12:Y$29) -> 0 | T87: =S87/P83 -> #DIV/0!
A88: Slava Kuzmin | B88: SK
A89: Thomas Myrup | B89: TM
A90: Rasmus Bukhave | B90: RB | S90: =SUMIF(G$12:G$32,O86,Y$12:Y$29) -> 0 | T90: =S90/P86 -> #DIV/0!
A91: Thomas Begonja | B91: TB
A92: Mohammed Chatle | B92: MC

Sheet Officials and games
N1: Games
A2: Initialer | B2: Navn | C2: Status | D2: EDK | E2: Primær | F2: Sekundær | G2: Licens | H2: Licens # | I2: Landsdel | J2: Klub | K2: Test | L2: Telefon | M2: Mail | N2: Total | O2: Primary position | P2: In primary group (not primary position) | Q2: Outside primary group
A3: AT | B3: Anders Tronier Hansen | C3: NL | E3: B | G3: NL | I3: Øst | J3: Uafhængig | M3: atronierh@gmail.com | N3: =CountIF('Plan - NL'!$I$11:$P$32,$A3) -> 1 | O3: =COUNTIFS('Plan - NL'!$M$11:$M$32,$A3) -> 1 | P3: =COUNTIFS('Plan - NL'!$N$11:$O$32,$A3) -> 0 | Q3: =COUNTIFS('Plan - NL'!$I$11:$L$32,$A3)+COUNTIFS('Plan - NL'!$P$11:$P$32,$A3) -> 0
A4: JE | B4: Jeppe Sejerø Ternander | C4: NL | D4: Ja | E4: B | F4: Anything | G4: I | H4: 6406 | I4: Øst | J4: Uafhængig | L4: 28711070 | M4: jeppe_s_holm@hotmail.com | N4: =CountIF('Plan - NL'!$I$11:$P$32,$A4) -> 4 | O4: =COUNTIFS('Plan - NL'!$N$11:$N$32,$A4) -> 0 | P4: =COUNTIFS('Plan - NL'!$M$11:$M$32,$A4) + COUNTIFS('Plan - NL'!$O$11:$O$32,$A4) -> 2 | Q4: =COUNTIFS('Plan - NL'!$I$11:$L$32,$A4)+COUNTIFS('Plan - NL'!$P$11:$P$32,$A4) -> 2
A5: BA | B5: Brian Andersen | C5: Pause (barn) | D5: Nej | E5: B | F5: Deep / Wing | G5: NL | I5: Vest | J5: Badgers | N5: =CountIF('Plan - NL'!$I$11:$P$32,$A5) -> 0 | O5: =COUNTIFS('Plan - NL'!$M$11:$M$32,$A5) -> 0 | P5: =COUNTIFS('Plan - NL'!$N$11:$O$32,$A5) -> 0 | Q5: =COUNTIFS('Plan - NL'!$I$11:$L$32,$A5)+COUNTIFS('Plan - NL'!$P$11:$P$32,$A5) -> 0
A6: OJ | B6: Claus Nordberg Larsen | C6: Ude (skade) | D6: Nej | E6: S | F6: B | G6: NL | H6: 3539 | I6: Vest | J6: Uafhængig | L6: 41817432 | M6: nordberg20@gmail.com | N6: =CountIF('Plan - NL'!$I$11:$P$32,$A6) -> 0 | O6: =COUNTIFS('Plan - NL'!$O$11:$O$32,$A6) -> 0 | P6: =COUNTIFS('Plan - NL'!$M$11:$N$32,$A6) -> 0 | Q6: =COUNTIFS('Plan - NL'!$I$11:$L$32,$A6)+COUNTIFS('Plan - NL'!$P$11:$P$32,$A6) -> 0
A7: EM | B7: Emil Riisgaard | C7: Semi | D7: Nej | E7: B | G7: C | I7: Øst | J7: Uafhængig | L7: 30481382 | M7: emilriisgaard@hotmail.com | N7: =CountIF('Plan - NL'!$I$11:$P$32,$A7) -> 0 | O7: =COUNTIFS('Plan - NL'!$M$11:$M$32,$A7) -> 0 | P7: =COUNTIFS('Plan - NL'!$N$11:$O$32,$A7) -> 0 | Q7: =COUNTIFS('Plan - NL'!$I$11:$L$32,$A7)+COUNTIFS('Plan - NL'!$P$11:$P$32,$A7) -> 0
A8: ER | B8: Erik Rasmussen | C8: NL | D8: Ja | E8: F | F8: S/B | G8: NL | H8: 711 | I8: Øst | J8: Uafhængig | L8: 40824426 | M8: erikrasmussen23@gmail.com | N8: =CountIF('Plan - NL'!$I$11:$P$32,$A8) -> 4 | O8: =COUNTIFS('Plan - NL'!$N$11:$N$32,$A8) -> 2 | P8: =COUNTIFS('Plan - NL'!$M$11:$M$32,$A8) + COUNTIFS('Plan - NL'!$O$11:$O$32,$A8) -> 2 | Q8: =COUNTIFS('Plan - NL'!$I$11:$L$32,$A8)+COUNTIFS('Plan - NL'!$P$11:$P$32,$A8) -> 0
A9: FK | B9: Frank Kristensen | C9: Ude (ELF) | D9: Ja | E9: B | G9: I | H9: 5 | I9: Øst | J9: Uafhængig | L9: 60607240 | M9: fk110871@gmail.com | N9: =CountIF('Plan - NL'!$I$11:$P$32,$A9) -> 1 | O9: =COUNTIFS('Plan - NL'!$M$11:$M$32,$A9) -> 0 | P9: =COUNTIFS('Plan - NL'!$N$11:$O$32,$A9) -> 0 | Q9: =COUNTIFS('Plan - NL'!$I$11:$L$32,$A9)+COUNTIFS('Plan - NL'!$P$11:$P$32,$A9) -> 1
A10: KL | B10: Kim Larsen | C10: NL | D10: Ja | E10: F | F10: S | G10: I | H10: 3274 | I10: Vest | J10: Uafhængig | L10: 23255155 | M10: k.m.larzen@gmail.com | N10: =CountIF('Plan - NL'!$I$11:$P$32,$A10) -> 5 | O10: =COUNTIFS('Plan - NL'!$N$11:$N$32,$A10) -> 5 | P10: =COUNTIFS('Plan - NL'!$M$11:$M$32,$A10) + COUNTIFS('Plan - NL'!$O$11:$O$32,$A10) -> 0 | Q10: =COUNTIFS('Plan - NL'!$I$11:$L$32,$A10)+COUNTIFS('Plan - NL'!$P$11:$P$32,$A10) -> 0
A11: KJ | B11: Kim Johannsen | C11: NL | D11: Ja | E11: F/S | F11: L | G11: I | H11: 2269 | I11: Øst | J11: Uafhængig | L11: 22754529 | M11: kim.johannsen@gmail.com | N11: =CountIF('Plan - NL'!$I$11:$P$32,$A11) -> 6 | O11: =COUNTIFS('Plan - NL'!$N$11:$N$32,$A11) -> 2 | P11: =COUNTIFS('Plan - NL'!$M$11:$M$32,$A11) + COUNTIFS('Plan - NL'!$O$11:$O$32,$A11) -> 4 | Q11: =COUNTIFS('Plan - NL'!$I$11:$L$32,$A11)+COUNTIFS('Plan - NL'!$P$11:$P$32,$A11) -> 0
A12: MM | B12: Martin Mikkelsen | C12: NL | D12: Nej | E12: H/L | F12: Dyb | G12: NL | H12: 628 | I12: Øst | J12: Uafhængig | L12: 26807765 | M12: mrtn.mkklsn@gmail.com | N12: =CountIF('Plan - NL'!$I$11:$P$32,$A12) -> 4 | O12: =COUNTIFS('Plan - NL'!$K$11:$K$32,$A12) -> 4 | P12: =COUNTIFS('Plan - NL'!$L$11:$L$32,$A12) -> 0 | Q12: =COUNTIFS('Plan - NL'!$I$11:$J$32,$A12)+COUNTIFS('Plan - NL'!$M$11:$P$32,$A12) -> 0
A13: JL | B13: Jesper Lytzen | C13: NL | D13: Ja | E13: L | F13: H (F/S) | G13: NL | H13: 16327 | I13: Vest | J13: Uafhængig | L13: 22614222 | M13: lytzen13@gmail.com | N13: =CountIF('Plan - NL'!$I$11:$P$32,$A13) -> 4 | O13: =COUNTIFS('Plan - NL'!$L$11:$L$32,$A13) -> 2 | P13: =COUNTIFS('Plan - NL'!$K$11:$K$32,$A13) -> 2 | Q13: =COUNTIFS('Plan - NL'!$I$11:$J$32,$A13)+COUNTIFS('Plan - NL'!$M$11:$P$32,$A13) -> 0
A14: JK | B14: Jonas Krum | C14: NL | D14: Nej | E14: L | G14: NL | H14: 3536 | I14: Øst | J14: Uafhængig | L14: 53390568 | M14: jonaskrum@gmail.com | N14: =CountIF('Plan - NL'!$I$11:$P$32,$A14) -> 1 | O14: =COUNTIFS('Plan - NL'!$L$11:$L$32,$A14) -> 0 | P14: =COUNTIFS('Plan - NL'!$K$11:$K$32,$A14) -> 0 | Q14: =COUNTIFS('Plan - NL'!$I$11:$J$32,$A14)+COUNTIFS('Plan - NL'!$M$11:$P$32,$A14) -> 1
A15: HP | B15: Hans Peter Roth | C15: NL | D15: Ja | E15: L | G15: NL
A16: MÅ | B16: Mads Åkjær | C16: Ude (ELF) | D16: Nej | E16: S | F16: R | G16: NL | H16: 10257 | I16: Øst | J16: Uafhængig | L16: 51844821 | M16: mads_aakjaer@hotmail.com | N16: =CountIF('Plan - NL'!$I$11:$P$32,$A16) -> 0 | O16: =COUNTIFS('Plan - NL'!$O$11:$O$32,$A16) -> 0 | P16: =COUNTIFS('Plan - NL'!$M$11:$N$32,$A16) -> 0 | Q16: =COUNTIFS('Plan - NL'!$I$11:$L$32,$A16)+COUNTIFS('Plan - NL'!$P$11:$P$32,$A16) -> 0
A17: NI | B17: Niels Ilberg | C17: NL | D17: Nej | E17: L/H | F17: U | G17: I | H17: 1133 | I17: Vest | J17: Uafhængig | L17: 29870710 | M17: niels@ilberg.dk | N17: =CountIF('Plan - NL'!$I$11:$P$32,$A17) -> 2 | O17: =COUNTIFS('Plan - NL'!$L$11:$L$32,$A17) -> 0 | P17: =COUNTIFS('Plan - NL'!$K$11:$K$32,$A17) -> 2 | Q17: =COUNTIFS('Plan - NL'!$I$11:$J$32,$A17)+COUNTIFS('Plan - NL'!$M$11:$P$32,$A17) -> 0
A18: FR | B18: Frank Rasmussen | C18: NL | D18: Nej | E18: R | F18: Anything | G18: I | H18: 484 | I18: Øst | J18: Uafhængig | L18: 20342617 | M18: dommer484@gmail.com | N18: =CountIF('Plan - NL'!$I$11:$P$32,$A18) -> 5 | O18: =COUNTIFS('Plan - NL'!$I$11:$I$32,$A18) -> 1 | P18: =COUNTIFS('Plan - NL'!$J$11:$J$32,$A18) -> 0 | Q18: =COUNTIFS('Plan - NL'!$K$11:$P$32,$A18) -> 4
A19: MC | B19: Mohammed Chatle | C19: Ude | D19: Nej | E19: U | F19: B | G19: NL | H19: 9074 | I19: Vest | J19: Tigers | L19: 51542401 | M19: mohammed780_2@hotmail.com | N19: =CountIF('Plan - NL'!$I$11:$P$32,$A19) -> 0 | O19: =COUNTIFS('Plan - NL'!$M$11:$M$32,$A19) -> 0 | P19: =COUNTIFS('Plan - NL'!$N$11:$O$32,$A19) -> 0 | Q19: =COUNTIFS('Plan - NL'!$I$11:$L$32,$A19)+COUNTIFS('Plan - NL'!$P$11:$P$32,$A19) -> 0
A20: MR | B20: Michael Rahbek | C20: NL | D20: Ja | E20: R | F20: S | G20: I | H20: 7255 | I20: Vest | J20: Uafhængig | L20: 60507214 | M20: michael.g.rahbek@gmail.com | N20: =CountIF('Plan - NL'!$I$11:$P$32,$A20) -> 4 | O20: =COUNTIFS('Plan - NL'!$I$11:$I$32,$A20) -> 4 | P20: =COUNTIFS('Plan - NL'!$J$11:$J$32,$A20) -> 0 | Q20: =COUNTIFS('Plan - NL'!$K$11:$P$32,$A20) -> 0
A21: SR | B21: Søren Rosenlund Pedersen | C21: Mangler | D21: Nej | E21: H | F21: L | H21: 10624 | I21: Øst | J21: Uafhængig | L21: 51501389 | M21: srosenlund88@gmail.com | N21: =CountIF('Plan - NL'!$I$11:$P$32,$A21) -> 0 | O21: =COUNTIFS('Plan - NL'!$K$11:$K$32,$A21) -> 0 | P21: =COUNTIFS('Plan - NL'!$L$11:$L$32,$A21) -> 0 | Q21: =COUNTIFS('Plan - NL'!$I$11:$J$32,$A21)+COUNTIFS('Plan - NL'!$M$11:$P$32,$A21) -> 0
A22: TM | B22: Thomas Myrup | C22: Pause | D22: Ja | E22: B | F22: F/S | G22: NL | H22: 9063 | I22: Vest | J22: Tigers | M22: eyez@eyez.dk | N22: =CountIF('Plan - NL'!$I$11:$P$32,$A22) -> 0 | O22: =COUNTIFS('Plan - NL'!$O$11:$O$32,$A22) -> 0 | P22: =COUNTIFS('Plan - NL'!$M$11:$N$32,$A22) -> 0 | Q22: =COUNTIFS('Plan - NL'!$I$11:$L$32,$A22)+COUNTIFS('Plan - NL'!$P$11:$P$32,$A22) -> 0
A23: TS | B23: Thomas Siggaard | C23: Ude (ELF) | D23: Ja | E23: H/L | F23: U | G23: I | H23: 41 | I23: Øst | J23: Uafhængig | L23: 51618450 | M23: thsiggaard@gmail.com | N23: =CountIF('Plan - NL'!$I$11:$P$32,$A23) -> 2 | O23: =COUNTIFS('Plan - NL'!$K$11:$K$32,$A23) -> 2 | P23: =COUNTIFS('Plan - NL'!$L$11:$L$32,$A23) -> 0 | Q23: =COUNTIFS('Plan - NL'!$I$11:$J$32,$A23)+COUNTIFS('Plan - NL'!$M$11:$P$32,$A23) -> 0
A24: VN | B24: Vincent Nordkov | C24: Ude (ELF) | D24: Ja | E24: U | G24: NL | I24: Øst | J24: Uafhængig | L24: 60677402 | M24: vincentnordkov@hotmail.com | N24: =CountIF('Plan - NL'!$I$11:$P$32,$A24) -> 1 | O24: =COUNTIFS('Plan - NL'!$J$11:$J$32,$A24) -> 0 | P24: =COUNTIFS('Plan - NL'!$I$11:$I$32,$A24) -> 0 | Q24: =COUNTIFS('Plan - NL'!$K$11:$P$32,$A24) -> 1
A25: AR | B25: Asbjørn Rohold | C25: NL | D25: Nej | E25: U | F25: R | G25: NL | I25: Vest | J25: Tigers | N25: =CountIF('Plan - NL'!$I$11:$P$32,$A25) -> 4 | O25: =COUNTIFS('Plan - NL'!$L$11:$L$32,$A25) -> 0 | P25: =COUNTIFS('Plan - NL'!$K$11:$K$32,$A25) -> 0 | Q25: =COUNTIFS('Plan - NL'!$I$11:$J$32,$A25)+COUNTIFS('Plan - NL'!$M$11:$P$32,$A25) -> 4
A26: TB | B26: Thomas Begonja | C26: Mangler
A27: DS | B27: Dennis Svensson | C27: NL | D27: Ja | E27: U | G27: NL
A28: TK | B28: Troels Kristensen | C28: Ude (SGD) | D28: Ja | G28: C
A29: MØ | B29: Martin Møller | C29: Mangler | E29: B
A30: MP | B30: Mark Poulsen | C30: Tilkalder | D30: Nej | E30: Wing | G30: C
A31: RH | B31: Ronnie Hansen | C31: Prospect | D31: Ja | E31: Wing | G31: C
A32: AL | B32: Alex Lind | C32: Prospect | D32: Ja | E32: Wing | G32: C
A33: TO | B33: Tommy Lønstrup Nielsen | D33: Nej | E33: Wing | G33: C
A34: AF | B34: Albert Fosberg | C34: Prospect | D34: Nej | E34: Wing
A35: BT | B35: Bo Thygesen | C35: NL | D35: Ja | G35: NL
G36: Primær | H36: Sekundær
B37: Mangler | C37: =COUNTIF($C$3:$C$35,B37) -> 3 | D37: =COUNTIF($D$3:$D$35,"Ja") -> 16 | F37: R* | G37: =COUNTIF($E$3:$E$35,$F37) -> 2 | H37: =COUNTIF($F$3:$F$35,$F37) -> 2
B38: NL | C38: =COUNTIF($C$3:$C$35,B38) -> 15 | D38: =COUNTIF($D$3:$D$35,"Nej") -> 14 | F38: U* | G38: =COUNTIF($E$3:$E$35,$F38) -> 4 | H38: =COUNTIF($F$3:$F$35,$F38) -> 2
B39: Pause* | C39: =COUNTIF($C$3:$C$35,B39) -> 2 | F39: F* | G39: =COUNTIF($E$3:$E$35,$F39) -> 3 | H39: =COUNTIF($F$3:$F$35,$F39) -> 1
B40: Inde? | C40: =COUNTIF($C$3:$C$35,B40) -> 0 | F40: S* | G40: =COUNTIF($E$3:$E$35,$F40) -> 2 | H40: =COUNTIF($F$3:$F$35,$F40) -> 3
B41: Semi | C41: =COUNTIF($C$3:$C$35,B41) -> 1 | F41: B* | G41: =COUNTIF($E$3:$E$35,$F41) -> 7 | H41: =COUNTIF($F$3:$F$35,$F41) -> 2
B42: Prospect | C42: =COUNTIF($C$3:$C$35,B42) -> 3
B43: Ude* | C43: =COUNTIF($C$3:$C$35,B43) -> 7 | F43: Tidlig plan
B44: Tilkalder | C44: =COUNTIF($C$3:$C$35,B44) -> 1 | F44: Prospects med i første runde
F47: C | G47: =COUNTIF($G$3:$G$35,$F47) -> 6
F48: I | G48: =COUNTIF($G$3:$G$35,$F48) -> 8
F49: NL | G49: =COUNTIF($G$3:$G$35,$F49) -> 15
G50: =SUM(G47:G49) -> 29

Sheet Former Officials
N1: Games
A2: Initialer | B2: Navn | C2: Status | D2: EDK | E2: Primær | F2: Sekundær | G2: Licens | H2: Licens # | I2: Landsdel | J2: Klub | K2: Test | L2: Telefon | M2: Mail | N2: Total | O2: Primary position | P2: In primary group (not primary position) | Q2: Outside primary group
A3: AD | B3: Adam Durucz | C3: Former | D3: Nej | E3: L | I3: Vest | N3: =CountIF('Plan - NL'!$I$11:$P$32,$A3) -> 0 | O3: =COUNTIFS('Plan - NL'!$L$11:$L$32,$A3) -> 0 | P3: =COUNTIFS('Plan - NL'!$K$11:$K$32,$A3) -> 0 | Q3: =COUNTIFS('Plan - NL'!$I$11:$J$32,$A3)+COUNTIFS('Plan - NL'!$M$11:$P$32,$A3) -> 0
A4: CJ | B4: Christian Jørgensen | C4: Former | D4: Nej | E4: U | F4: R | G4: I | H4: 7246 | I4: Øst | J4: Uafhængig | L4: 51248482 | M4: christian@technobabble.dk | N4: =CountIF('Plan - NL'!$I$11:$P$32,$A4) -> 0 | O4: =COUNTIFS('Plan - NL'!$J$11:$J$32,$A4) -> 0 | P4: =COUNTIFS('Plan - NL'!$I$11:$I$32,$A4) -> 0 | Q4: =COUNTIFS('Plan - NL'!$K$11:$P$32,$A4) -> 0
A5: JT | B5: Jeppe Bjerg Thanning | C5: Former | D5: Nej | E5: U | G5: C | H5: 15447 | I5: Vest | J5: 89ers | N5: =CountIF('Plan - NL'!$I$11:$P$32,$A5) -> 0 | O5: =COUNTIFS('Plan - NL'!$J$11:$J$32,$A5) -> 0 | P5: =COUNTIFS('Plan - NL'!$I$11:$I$32,$A5) -> 0 | Q5: =COUNTIFS('Plan - NL'!$K$11:$P$32,$A5) -> 0
A6: KN | B6: Kim Mørch Nørgaard | C6: Former | D6: Nej | E6: H | G6: C | I6: Vest | J6: Stallions | M6: pray@live.dk | N6: =CountIF('Plan - NL'!$I$11:$P$32,$A6) -> 0 | O6: =COUNTIFS('Plan - NL'!$K$11:$K$32,$A6) -> 0 | P6: =COUNTIFS('Plan - NL'!$L$11:$L$32,$A6) -> 0 | Q6: =COUNTIFS('Plan - NL'!$I$11:$J$32,$A6)+COUNTIFS('Plan - NL'!$M$11:$P$32,$A6) -> 0
A7: SK | B7: Slava Kuzmin | C7: Former | D7: Nej | E7: B | N7: =CountIF('Plan - NL'!$I$11:$P$32,$A7) -> 0 | O7: =COUNTIFS('Plan - NL'!$M$11:$M$32,$A7) -> 0 | P7: =COUNTIFS('Plan - NL'!$N$11:$O$32,$A7) -> 0 | Q7: =COUNTIFS('Plan - NL'!$I$11:$L$32,$A7)+COUNTIFS('Plan - NL'!$P$11:$P$32,$A7) -> 0
A8: ST | B8: Søren Stiesen | C8: Former | D8: Nej | E8: L | G8: C | H8: 10548 | I8: Vest | M8: Stisen202@gmail.com | N8: =CountIF('Plan - NL'!$I$11:$P$32,$A8) -> 0 | O8: =COUNTIFS('Plan - NL'!$L$11:$L$32,$A8) -> 0 | P8: =COUNTIFS('Plan - NL'!$K$11:$K$32,$A8) -> 0 | Q8: =COUNTIFS('Plan - NL'!$I$11:$J$32,$A8)+COUNTIFS('Plan - NL'!$M$11:$P$32,$A8) -> 0
A9: UO | B9: Ulf Overbeck | C9: Former | D9: Nej | E9: U | G9: C | H9: 274 | I9: Vest | J9: Uafhængig | L9: 27205364 | M9: airulf@hotmail.com | N9: =CountIF('Plan - NL'!$I$11:$P$32,$A9) -> 0 | O9: =COUNTIFS('Plan - NL'!$J$11:$J$32,$A9) -> 0 | P9: =COUNTIFS('Plan - NL'!$I$11:$I$32,$A9) -> 0 | Q9: =COUNTIFS('Plan - NL'!$K$11:$P$32,$A9) -> 0
G10: Primær | H10: Sekundær
B11: Mangler | C11: =COUNTIF($C$3:$C$9,B11) -> 0 | D11: =COUNTIF($D$3:$D$9,"Ja") -> 0 | F11: R* | G11: =COUNTIF($E$4:$E$9,$F11) -> 0 | H11: =COUNTIF($F$4:$F$9,$F11) -> 1
B12: NL | C12: =COUNTIF($C$3:$C$9,B12) -> 0 | D12: =COUNTIF($D$3:$D$9,"Nej") -> 7 | F12: U* | G12: =COUNTIF($E$4:$E$9,$F12) -> 3 | H12: =COUNTIF($F$4:$F$9,$F12) -> 0
B13: NL (back in) | C13: =COUNTIF($C$3:$C$9,B13) -> 0 | F13: H* | G13: =COUNTIF($E$4:$E$9,$F13) -> 1 | H13: =COUNTIF($F$4:$F$9,$F13) -> 0
B14: Måske pause | C14: =COUNTIF($C$3:$C$9,B14) -> 0 | F14: L* | G14: =COUNTIF($E$4:$E$9,$F14) -> 1 | H14: =COUNTIF($F$4:$F$9,$F14) -> 0
B15: Pause* | C15: =COUNTIF($C$3:$C$9,B15) -> 0 | F15: F* | G15: =COUNTIF($E$4:$E$9,$F15) -> 0 | H15: =COUNTIF($F$4:$F$9,$F15) -> 0
B16: Inde? | C16: =COUNTIF($C$3:$C$9,B16) -> 0 | F16: S* | G16: =COUNTIF($E$4:$E$9,$F16) -> 0 | H16: =COUNTIF($F$4:$F$9,$F16) -> 0
B17: Semi | C17: =COUNTIF($C$3:$C$9,B17) -> 0 | F17: B* | G17: =COUNTIF($E$4:$E$9,$F17) -> 1 | H17: =COUNTIF($F$4:$F$9,$F17) -> 0
B18: Prospect | C18: =COUNTIF($C$3:$C$9,B18) -> 0
B19: Ude* | C19: =COUNTIF($C$3:$C$9,B19) -> 0 | F19: Tidlig plan
B20: Tilkalder | C20: =COUNTIF($C$3:$C$9,B20) -> 0 | F20: Prospects med i første runde

Sheet Plan - NL + 1. Div backup
A1: Kampnr. | B1: Runde | C1: Dag | D1: Dato | E1: Måned | F1: Tidspunkt | G1: Hjemme | H1: Ude | I1: R | J1: U | K1: H | L1: L | M1: B | N1: F | O1: S | P1: C | Q1: Note | S1: 1s | T1: 2s | U1: 3s | V1: Taske | W1: Taske IND | X1: Taske UD | Y1: Betaling | Z1: Video | AA1: Gennemseer | AC1: Game start | AD1: Game end | AE1: Video Exchanged. | AF1: Game time (easy) | AG1: Intercut time (min) | AH1: Exchange of Breakdown data | AI1: Return of break down data | AK1: Upload time | AL1: Breakdown time | AM1: Game time
B2: 2 | C2: Lørdag | D2: 15 | E2: maj | F2: 0.58333333 | G2: Badgers | H2: Hurricanes | I2: MR | J2: JT | K2: NI | L2: JL | M2: AT | N2: KL | O2: OJ | R2: Stille med 2-3 NL dommere | S2: =COUNTIF('Status data'!$A2:$H2,"1") -> 4 | T2: =COUNTIF('Status data'!$A2:$H2,"2") -> 2 | U2: =COUNTIF('Status data'!$A2:$H2,"3") -> 0 | AF2: =HOUR(AD2-AC2)&"h"&minute(AD2-AC2)&"m" -> 0h0m | AK2: =AE2-#REF! -> #REF! | AL2: =AH2-#REF! -> #REF! | AM2: =#REF!-AC2 -> #REF!
B3: 2 | C3: Lørdag | D3: 15 | E3: maj | F3: 0.58333333 | G3: Oaks | H3: Rebels | I3: CJ | J3: VN | L3: JK | M3: EM | N3: JE | O3: KJ | Q3: KEEP | R3: NL plan ud, 1. div næste uge | S3: =COUNTIF('Status data'!$A3:$H3,"1") -> 0 | T3: =COUNTIF('Status data'!$A3:$H3,"2") -> 0 | U3: =COUNTIF('Status data'!$A3:$H3,"3") -> 0 | AC3: 44059.585 | AD3: 44059.681 | AE3: 44060.033 | AF3: =HOUR(AD3-AC3)&"h"&MINUTE(AD3-AC3)&"m" -> 2h18m | AK3: =AE3-AD3 -> 0.35208333 | AL3: =AH3-AD3 -> -44059.681 | AM3: =AD3-AC3 -> 0.095833333
B4: 2 | C4: Søndag | D4: 16 | E4: maj | F4: 0.58333333 | G4: Knights | H4: Demons / Wolfpack | I4: FR | J4: CJ | K4: TS | L4: (JK) | M4: FK | N4: JE | O4: MÅ | Q4: KEEP | R4: KBH fuldt crew | S4: =COUNTIF('Status data'!$A4:$H4,"1") -> 0 | T4: =COUNTIF('Status data'!$A4:$H4,"2") -> 0 | U4: =COUNTIF('Status data'!$A4:$H4,"3") -> 0 | AF4: =HOUR(AD4-AC4)&"h"&MINUTE(AD4-AC4)&"m" -> 0h0m | AK4: =AE4-AD4 -> 0 | AL4: =AH4-AD4 -> 0 | AM4: =AD4-AC4 -> 0
B5: 3 | C5: Lørdag | D5: 22 | E5: maj | F5: 0.79166667 | G5: Towers | H5: 89ers | I5: FK | J5: CJ | K5: TS | L5: JK | M5: EM | N5: KJ | O5: MÅ | P5: FR | R5: Behold plan, til DU møde | S5: =COUNTIF('Status data'!$A5:$H5,"1") -> 0 | T5: =COUNTIF('Status data'!$A5:$H5,"2") -> 0 | U5: =COUNTIF('Status data'!$A5:$H5,"3") -> 0 | AF5: =HOUR(AD5-AC5)&"h"&MINUTE(AD5-AC5)&"m" -> 0h0m | AK5: =AH5-AD5 -> 0 | AL5: =AH5-AD5 -> 0 | AM5: =AD5-AC5 -> 0
B6: 3 | C6: Søndag | D6: 23 | E6: maj | F6: 0.58333333 | G6: Dragons | H6: Tigers | J6: AR | L6: JL | M6: (AT) | N6: KL | O6: OJ | Q6: AT over - langt? | R6: 1. Div; supervisors fx - ikke 7 | S6: =COUNTIF('Status data'!$A6:$H6,"1") -> 2 | T6: =COUNTIF('Status data'!$A6:$H6,"2") -> 1 | U6: =COUNTIF('Status data'!$A6:$H6,"3") -> 1
B7: 3 | C7: Søndag | D7: 23 | E7: maj | F7: 0.58333333 | G7: Rebels | H7: Monarchs | I7: CJ | J7: VN | L7: (JK) | M7: AT | N7: KJ | O7: MÅ | S7: =COUNTIF('Status data'!$A7:$H7,"1") -> 0 | T7: =COUNTIF('Status data'!$A7:$H7,"2") -> 0 | U7: =COUNTIF('Status data'!$A7:$H7,"3") -> 0
B8: 4 | C8: Lørdag | D8: 29 | E8: maj | F8: 0.58333333 | G8: Spartans | H8: Knights | I8: FR | J8: CJ | K8: TS | L8: JK | M8: FK | N8: KJ | O8: MÅ | P8: (EM) | Q8: KEEP, men overvej hvem der kan flyttes til d. 29. i Vejle | S8: =COUNTIF('Status data'!$A8:$H8,"1") -> 0 | T8: =COUNTIF('Status data'!$A8:$H8,"2") -> 0 | U8: =COUNTIF('Status data'!$A8:$H8,"3") -> 0
B9: 4 | C9: Lørdag | D9: 29 | E9: maj | F9: 0.79166667 | G9: Razorbacks | H9: Towers | I9: MR | J9: VN | K9: NI | L9: TB | M9: FK | N9: KL | O9: JE | P9: AT | Q9: Bil fra øst over under alle omstændigheder (B/deep/U). Hvis 8 på SNL; FK B, AT C. AT her | S9: =COUNTIF('Status data'!$A9:$H9,"1") -> 0 | T9: =COUNTIF('Status data'!$A9:$H9,"2") -> 0 | U9: =COUNTIF('Status data'!$A9:$H9,"3") -> 0
B10: 5 | C10: Lørdag | D10: 5 | E10: juni | F10: 0.58333333 | G10: Demons / Wolfpack | H10: Oaks | I10: FR | J10: CJ | K10: TS | L10: JK | M10: FK | N10: KJ | O10: MÅ | Q10: KEEP | S10: =COUNTIF('Status data'!$A10:$H10,"1") -> 0 | T10: =COUNTIF('Status data'!$A10:$H10,"2") -> 0 | U10: =COUNTIF('Status data'!$A10:$H10,"3") -> 0
B11: 5 | C11: Lørdag | D11: 5 | E11: juni | F11: 0.79166667 | G11: 89ers | H11: Gold Diggers | I11: MR | J11: JT | K11: NI | L11: JL | M11: AT | N11: KL | O11: OJ | S11: =COUNTIF('Status data'!$A11:$H11,"1") -> 0 | T11: =COUNTIF('Status data'!$A11:$H11,"2") -> 0 | U11: =COUNTIF('Status data'!$A11:$H11,"3") -> 0
B12: 6 | C12: Lørdag | D12: 12 | E12: juni | F12: 0.58333333 | G12: Knights | H12: Monarchs | I12: FR | J12: VN | K12: TS | L12: JK | M12: EM | N12: JE | O12: KJ | Q12: KEEP, men prioriterer NL kampen i Jylland | S12: =COUNTIF('Status data'!$A12:$H12,"1") -> 0 | T12: =COUNTIF('Status data'!$A12:$H12,"2") -> 0 | U12: =COUNTIF('Status data'!$A12:$H12,"3") -> 0
B13: 6 | C13: Lørdag | D13: 12 | E13: juni | F13: 0.79166667 | G13: 89ers | H13: Razorbacks | I13: MR | J13: AR | K13: NI | L13: FR/JE | M13: FK | N13: KL | O13: OJ | P13: AT | Q13: TB? JE, FR, CJ | S13: =COUNTIF('Status data'!$A13:$H13,"1") -> 0 | T13: =COUNTIF('Status data'!$A13:$H13,"2") -> 0 | U13: =COUNTIF('Status data'!$A13:$H13,"3") -> 0
B14: 7 | C14: Lørdag | D14: 19 | E14: juni | F14: 0.58333333 | G14: Gold Diggers | H14: Towers | I14: FR | J14: VN | K14: TS | L14: JK | M14: EM | N14: JE | O14: MÅ | S14: =COUNTIF('Status data'!$A14:$H14,"1") -> 0 | T14: =COUNTIF('Status data'!$A14:$H14,"2") -> 0 | U14: =COUNTIF('Status data'!$A14:$H14,"3") -> 0 | AF14: =HOUR(AD14-AC14)&"h"&minute(AD14-AC14)&"m" -> 0h0m | AK14: =AE14-AD14 -> 0 | AL14: =AH14-AD14 -> 0 | AM14: =AD14-AC14 -> 0
B15: 7 | C15: Søndag | D15: 20 | E15: juni | F15: 0.58333333 | G15: Musketeers | H15: Tigers | I15: MR | J15: AR | K15: NI | L15: (JL) | M15: (AT) | N15: (KJ) | O15: OJ | S15: =COUNTIF('Status data'!$A15:$H15,"1") -> 0 | T15: =COUNTIF('Status data'!$A15:$H15,"2") -> 0 | U15: =COUNTIF('Status data'!$A15:$H15,"3") -> 0 | AC15: 44086.585 | AD15: 44086.692 | AE15: 44087.043 | AF15: =HOUR(AD15-AC15)&"h"&MINUTE(AD15-AC15)&"m" -> 2h33m | AK15: =AE15-AD15 -> 0.35138889 | AL15: =AH15-AD15 -> -44086.692 | AM15: =AD15-AC15 -> 0.10694444
B16: 8 | C16: Lørdag | D16: 26 | E16: juni | F16: 0.58333333 | G16: Gold Diggers | H16: Razorbacks | I16: FR | J16: CJ | K16: TS | L16: JK | M16: FK | N16: KJ | O16: MÅ | S16: =COUNTIF('Status data'!$A16:$H16,"1") -> 0 | T16: =COUNTIF('Status data'!$A16:$H16,"2") -> 0 | U16: =COUNTIF('Status data'!$A16:$H16,"3") -> 0 | AF16: =HOUR(AD16-AC16)&"h"&MINUTE(AD16-AC16)&"m" -> 0h0m | AK16: =AE16-AD16 -> 0
B17: 9 | C17: Lørdag | D17: 14 | E17: august | F17: 0.58333333 | G17: Tigers | H17: Hurricanes | S17: =COUNTIF('Status data'!$A17:$H17,"1") -> 0 | T17: =COUNTIF('Status data'!$A17:$H17,"2") -> 0 | U17: =COUNTIF('Status data'!$A17:$H17,"3") -> 0
B18: 9 | C18: Lørdag | D18: 14 | E18: august | F18: 0.58333333 | G18: Gold Diggers | H18: 89ers | S18: =COUNTIF(#REF!,"1") -> #REF! | T18: =COUNTIF(#REF!,"2") -> #REF! | U18: =COUNTIF(#REF!,"3") -> #REF!
B19: 9 | C19: Søndag | D19: 15 | E19: august | F19: 0.58333333 | G19: Oaks | H19: Knights | S19: =COUNTIF('Status data'!$A18:$H18,"1") -> 0 | T19: =COUNTIF('Status data'!$A18:$H18,"2") -> 0 | U19: =COUNTIF('Status data'!$A18:$H18,"3") -> 0
B20: 10 | C20: Lørdag | D20: 21 | E20: august | F20: 0.79166667 | G20: Towers | H20: Razorbacks | S20: =COUNTIF('Status data'!$A19:$H19,"1") -> 0 | T20: =COUNTIF('Status data'!$A19:$H19,"2") -> 0 | U20: =COUNTIF('Status data'!$A19:$H19,"3") -> 0
B21: 10 | C21: Søndag | D21: 22 | E21: august | F21: 0.58333333 | G21: Badgers | H21: Musketeers | S21: =COUNTIF('Status data'!$A20:$H20,"1") -> 0 | T21: =COUNTIF('Status data'!$A20:$H20,"2") -> 0 | U21: =COUNTIF('Status data'!$A20:$H20,"3") -> 0
B22: 11 | C22: Lørdag | D22: 28 | E22: august | F22: 0.58333333 | G22: 89ers | H22: Towers | S22: =COUNTIF('Status data'!$A21:$H21,"1") -> 0 | T22: =COUNTIF('Status data'!$A21:$H21,"2") -> 0 | U22: =COUNTIF('Status data'!$A21:$H21,"3") -> 0
B23: 11 | C23: Lørdag | D23: 28 | E23: august | F23: 0.58333333 | G23: Razorbacks | H23: Gold Diggers | S23: =COUNTIF('Status data'!$A22:$H22,"1") -> 0 | T23: =COUNTIF('Status data'!$A22:$H22,"2") -> 0 | U23: =COUNTIF('Status data'!$A22:$H22,"3") -> 0
B24: 11 | C24: Søndag | D24: 29 | E24: august | F24: 0.58333333 | G24: Monarchs | H24: Demons / Wolfpack | S24: =COUNTIF('Status data'!$A23:$H23,"1") -> 0 | T24: =COUNTIF('Status data'!$A23:$H23,"2") -> 0 | U24: =COUNTIF('Status data'!$A23:$H23,"3") -> 0 | AF24: =HOUR(AD24-AC24)&"h"&minute(AD24-AC24)&"m" -> 0h0m | AK24: =AE24-AD24 -> 0
B25: 12 | C25: Lørdag | D25: 4 | E25: september | F25: 0.58333333 | G25: Dragons | H25: Rebels | S25: =COUNTIF('Status data'!$A24:$H24,"1") -> 0 | T25: =COUNTIF('Status data'!$A24:$H24,"2") -> 0 | U25: =COUNTIF('Status data'!$A24:$H24,"3") -> 0
B26: 12 | C26: Lørdag | D26: 4 | E26: september | F26: 0.79166667 | G26: Towers | H26: Gold Diggers | S26: =COUNTIF('Status data'!$A25:$H25,"1") -> 0 | T26: =COUNTIF('Status data'!$A25:$H25,"2") -> 0 | U26: =COUNTIF('Status data'!$A25:$H25,"3") -> 0
B27: 13 | C27: Lørdag | D27: 11 | E27: september | F27: 0.58333333 | G27: Demons / Wolfpack | H27: Badgers | S27: =COUNTIF('Status data'!$A26:$H26,"1") -> 0 | T27: =COUNTIF('Status data'!$A26:$H26,"2") -> 0 | U27: =COUNTIF('Status data'!$A26:$H26,"3") -> 0
B28: 13 | C28: Lørdag | D28: 11 | E28: september | F28: 0.79166667 | G28: Razorbacks | H28: 89ers | S28: =COUNTIF('Status data'!$A27:$H27,"1") -> 0 | T28: =COUNTIF('Status data'!$A27:$H27,"2") -> 0 | U28: =COUNTIF('Status data'!$A27:$H27,"3") -> 0
B29: 13 | C29: Søndag | D29: 12 | E29: september | F29: 0.58333333 | G29: Monarchs | H29: Oaks | S29: =COUNTIF('Status data'!$A28:$H28,"1") -> 0 | T29: =COUNTIF('Status data'!$A28:$H28,"2") -> 0 | U29: =COUNTIF('Status data'!$A28:$H28,"3") -> 0
A30: Semi 1 | B30: 14 | C30: Lørdag | D30: 18 | E30: september | S30: =COUNTIF('Status data'!$A29:$H29,"1") -> 0 | T30: =COUNTIF('Status data'!$A29:$H29,"2") -> 0 | U30: =COUNTIF('Status data'!$A29:$H29,"3") -> 0
A31: Semi 2 | B31: 14 | C31: Søndag | D31: 18 | E31: september | S31: =COUNTIF('Status data'!$A30:$H30,"1") -> 0 | T31: =COUNTIF('Status data'!$A30:$H30,"2") -> 0 | U31: =COUNTIF('Status data'!$A30:$H30,"3") -> 0
A32: 3rd place | B32: 15 | C32: Lørdag | D32: 2 | E32: oktober | S32: =COUNTIF('Status data'!$A31:$H31,"1") -> 0 | T32: =COUNTIF('Status data'!$A31:$H31,"2") -> 0 | U32: =COUNTIF('Status data'!$A31:$H31,"3") -> 0
A33: Mermaid Bowl | B33: 15 | C33: Lørdag | D33: 2 | E33: oktober | S33: =COUNTIF('Status data'!$A32:$H32,"1") -> 0 | T33: =COUNTIF('Status data'!$A32:$H32,"2") -> 0 | U33: =COUNTIF('Status data'!$A32:$H32,"3") -> 0
B34: 4 | C34: Lørdag/Søndag | D34: 29/30 | E34: maj | F34: 0.58333333 | G34: Hurricanes | H34: Musketeers
A36: Initialer
A37: Anders Tronier | B37: AT | C37: =COUNTIF($I$2:$O$31,B37) -> 3
A38: Brian Baagøe Andersen | B38: BA | C38: =COUNTIF($I$2:$O$31,B38) -> 0 | Q38: =DATA!I65 | W38: =SUM(Y1:Y31) -> 0 | X38: 2 | Y38: medium
A39: Bo Thygesen | B39: BT | C39: =COUNTIF($I$2:$O$31,B39) -> 0 | Q39: =DATA!I66 | V39: AVERAGE | W39: =AVERAGE(Y2:Y33) -> #DIV/0! | X39: 1 | Y39: bad
A40: Christian Jørgensen | B40: CJ | C40: =COUNTIF($I$2:$O$31,B40) -> 7 | Q40: =DATA!I67 | V40: MEDIAN | W40: =MEDIAN(Y2:Y33) -> #NUM! | X40: s | Y40: stats
A41: Emil Riisgaard | B41: EM | C41: =COUNTIF($I$2:$O$31,B41) -> 4 | V41: PROJECTED 1 | W41: =W39*40 -> #DIV/0! | X41: e | Y41: endzone
A42: Erik Rasmussen | B42: ER | C42: =COUNTIF($I$2:$O$31,B42) -> 0 | V42: PROJECTED 2 | W42: =SUM(Y2:Y33)/23*40 -> 0 | X42: t | Y42: tv
A43: Frank Kristensen | B43: FK | C43: =COUNTIF($I$2:$O$31,B43) -> 7
A44: Frank Rasmussen | B44: FR | C44: =COUNTIF($I$2:$O$31,B44) -> 6
A45: Jeppe Holm | B45: JE | C45: =COUNTIF($I$2:$O$31,B45) -> 5
A46: Jan Holst | B46: JH | C46: =COUNTIF($I$2:$O$31,B46) -> 0
A47: Jonas Krum | B47: JK | C47: =COUNTIF($I$2:$O$31,B47) -> 7
A48: Jesper Lytzen | B48: JL | C48: =COUNTIF($I$2:$O$31,B48) -> 3
A49: Jens S. Pedersen | B49: JP | C49: =COUNTIF($I$2:$O$31,B49) -> 0
A50: Jacob Weber | B50: JW | C50: =COUNTIF($I$2:$O$31,B50) -> 0
A51: Kim Johannsen | B51: KJ | C51: =COUNTIF($I$2:$O$31,B51) -> 7 | T51: =SUMIF(G$2:G$33,P51,Y$2:Y$33) -> 0 | U51: =T51/Q51 -> #DIV/0!
A52: Kasper Kristoffersen | B52: KK | C52: =COUNTIF($I$2:$O$31,B52) -> 0 | T52: =SUMIF(G$2:G$33,P52,Y$2:Y$33) -> 0 | U52: =T52/Q52 -> #DIV/0!
A53: Kim Larsen | B53: KL | C53: =COUNTIF($I$2:$O$31,B53) -> 5 | T53: =SUMIF(G$2:G$33,P53,Y$2:Y$33) -> 0 | U53: =T53/Q53 -> #DIV/0!
A54: Kim Mørch Nørgaard | B54: KN | C54: =COUNTIF($I$2:$O$31,B54) -> 0 | T54: =SUMIF(G$2:G$33,P54,Y$2:Y$33) -> 0 | U54: =T54/Q54 -> #DIV/0!
A55: Mohammad Ajine | B55: MA | C55: =COUNTIF($I$2:$O$31,B55) -> 0 | T55: =SUMIF(G$2:G$33,P55,Y$2:Y$33) -> 0 | U55: =T55/Q55 -> #DIV/0!
A56: Martin Borg Andersen | B56: MB | C56: =COUNTIF($I$2:$O$31,B56) -> 0 | T56: =SUMIF(G$2:G$33,P56,Y$2:Y$33) -> 0 | U56: =T56/Q56 -> #DIV/0!
A57: Mohammed Chatle | B57: MC | C57: =COUNTIF($I$2:$O$31,B57) -> 0 | T57: =SUMIF(G$2:G$33,P57,Y$2:Y$33) -> 0 | U57: =T57/Q57 -> #DIV/0!
A58: Martin Mikkelsen | B58: MM | C58: =COUNTIF($I$2:$O$31,B58) -> 0 | T58: =SUMIF(G$2:G$33,P58,Y$2:Y$33) -> 0 | U58: =T58/Q58 -> #DIV/0!
A59: Michael Rahbek | B59: MR | C59: =COUNTIF($I$2:$O$31,B59) -> 5
A60: Michael Søndergaard Pedersen | B60: MS | C60: =COUNTIF($I$2:$O$31,B60) -> 0
A61: Mads Åkjær | B61: MÅ | C61: =COUNTIF($I$2:$O$31,B61) -> 7
A62: Niels Ilberg | B62: NI | C62: =COUNTIF($I$2:$O$31,B62) -> 5
A63: Niclas Pedersen | B63: NP | C63: =COUNTIF($I$2:$O$31,B63) -> 0
A64: Claus Nordberg | B64: OJ | C64: =COUNTIF($I$2:$O$31,B64) -> 5
A65: Søren Ekander Jensen | B65: SE | C65: =COUNTIF($I$2:$O$31,B65) -> 0
A66: Søren R. Petersen | B66: SR | C66: =COUNTIF($I$2:$O$31,B66) -> 0
A67: Thomas Lund-Hansen | B67: TH | C67: =COUNTIF($I$2:$O$31,B67) -> 0
A68: Toke Lund | B68: TL | C68: =COUNTIF($I$2:$O$31,B68) -> 0
A69: Thomas Myrup | B69: TM | C69: =COUNTIF($I$2:$O$31,B69) -> 0
A70: Thomas Siggaard | B70: TS | C70: =COUNTIF($I$2:$O$31,B70) -> 7
... A72: Vincent Nordkov | B72: VN | C72: =COUNTIF($I$2:$O$31,B72) -> 5
Q74: =DATA!I64 | W74: =AVERAGE(W34:W72) -> #DIV/0! | X74: 3 | Y74: best

Sheet 2021 status
A1: Navn | B1: Initialer | C1: Yes / No | D1: Commitment | E1: Position | F1: Level
A2: Adam Durucz | B2: AD | C2: No | D2: Tilbage i Ungarn | E2: L | F2: 3
A3: Asbjørn Rohold | B3: AR | C3: Yes | D3: Ok, vil gerne lære mere | E3: U | F3: 3
A4: Anders Tronier | B4: AT | C4: Yes | D4: OK | E4: B | F4: 2
A5: Brian Andersen | B5: BA | C5: Måske | D5: Bachelor + Far | E5: B | F5: 3
A6: Christian Jørgensen | B6: CJ | C6: No | D6: Rejser til USA | E6: U | F6: 1
A7: Emil Riisgaard | B7: EM | C7: Yes | D7: Ok, så meget som muligt | E7: B | F7: 2
A8: Erik Rasmussen | B8: ER | C8: Yes | D8: Pause forår, knæ | E8: F | F8: 2
A9: Frank Kristensen | B9: FK | C9: Yes | D9: OK, så meget som muligt | E9: B | F9: 1
A10: Frank Rasmussen | B10: FR | C10: Yes | D10: OK, så meget som muligt | E10: R | F10: 1
A11: Jeppe Holm | B11: JE | C11: Yes | D11: Ok, ja til ansvar | E11: F | F11: 1
A12: Jonas Krum | B12: JK | C12: Måske | D12: OK | E12: L | F12: 1
A13: Jesper Lytzen | B13: JL | C13: Yes | D13: Ok, så meget som muligt | E13: L | F13: 2
... A25: Søren Rosenlund | B25: SR | C25: Yes | D25: Ok, men ikke meget | E25: H | F25: 1
A26: Thomas Begonja | B26: TB | C26: Yes | D26: =#N/A -> #N/A | E26: L | F26: 3
A27: Thomas Myrup | B27: TM | C27: Yes | D27: Tilbage | E27: F | F27: 3
A28: Thomas Siggaard | B28: TS | C28: Yes | D28: =#N/A -> #N/A | E28: H | F28: 1
A29: Ulf Overbeck | B29: UO | C29: No | D29: Ude | E29: U
A30: Vincent Nordkov | B30: VN | C30: Yes | D30: OK, så meget som muligt | E30: U | F30: 2
A31: Søren Skovsgaard Berthelsen | B31: SB | D31: ? | F31: 3

Sheet Status data
A1: R | B1: U | C1: H | D1: L | E1: B | F1: F | G1: S | H1: C
A2: =VLOOKUP('Plan - NL'!I11,'2021 status'!$B$2:$F$30,5,FALSE) -> 1 | B2: =VLOOKUP('Plan - NL'!J11,'2021 status'!$B$2:$F$30,5,FALSE) -> #N/A | C2: =VLOOKUP('Plan - NL'!K11,'2021 status'!$B$2:$F$30,5,FALSE) -> 1 | D2: =VLOOKUP('Plan - NL'!L11,'2021 status'!$B$2:$F$30,5,FALSE) -> 1 | E2: =VLOOKUP('Plan - NL'!M11,'2021 status'!$B$2:$F$30,5,FALSE) -> 1 | F2: =VLOOKUP('Plan - NL'!N11,'2021 status'!$B$2:$F$30,5,FALSE) -> 2 | G2: =VLOOKUP('Plan - NL'!O11,'2021 status'!$B$2:$F$30,5,FALSE) -> 2 | H2: =VLOOKUP('Plan - NL'!P11,'2021 status'!$B$2:$F$30,5,FALSE) -> #N/A
A3: =VLOOKUP(#REF!,'2021 status'!$B$2:$F$30,5,FALSE) -> #REF! | B3: =VLOOKUP(#REF!,'2021 status'!$B$2:$F$30,5,FALSE) -> #REF! | C3: =VLOOKUP(#REF!,'2021 status'!$B$2:$F$30,5,FALSE) -> #REF! | D3: =VLOOKUP(#REF!,'2021 status'!$B$2:$F$30,5,FALSE) -> #REF! | E3: =VLOOKUP(#REF!,'2021 status'!$B$2:$F$30,5,FALSE) -> #REF! | F3: =VLOOKUP(#REF!,'2021 status'!$B$2:$F$30,5,FALSE) -> #REF! | G3: =VLOOKUP(#REF!,'2021 status'!$B$2:$F$30,5,FALSE) -> #REF! | H3: =VLOOKUP(#REF!,'2021 status'!$B$2:$F$30,5,FALSE) -> #REF!
A4: =VLOOKUP(#REF!,'2021 status'!$B$2:$F$30,5,FALSE) -> #REF! | B4: =VLOOKUP(#REF!,'2021 status'!$B$2:$F$30,5,FALSE) -> #REF! | C4: =VLOOKUP(#REF!,'2021 status'!$B$2:$F$30,5,FALSE) -> #REF! | D4: =VLOOKUP(#REF!,'2021 status'!$B$2:$F$30,5,FALSE) -> #REF! | E4: =VLOOKUP(#REF!,'2021 status'!$B$2:$F$30,5,FALSE) -> #REF! | F4: =VLOOKUP(#REF!,'2021 status'!$B$2:$F$30,5,FALSE) -> #REF! | G4: =VLOOKUP(#REF!,'2021 status'!$B$2:$F$30,5,FALSE) -> #REF! | H4: =VLOOKUP(#REF!,'2021 status'!$B$2:$F$30,5,FALSE) -> #REF!
A5: =VLOOKUP(#REF!,'2021 status'!$B$2:$F$30,5,FALSE) -> #REF! | B5: =VLOOKUP(#REF!,'2021 status'!$B$2:$F$30,5,FALSE) -> #REF! | C5: =VLOOKUP(#REF!,'2021 status'!$B$2:$F$30,5,FALSE) -> #REF! | D5: =VLOOKUP(#REF!,'2021 status'!$B$2:$F$30,5,FALSE) -> #REF! | E5: =VLOOKUP(#REF!,'2021 status'!$B$2:$F$30,5,FALSE) -> #REF! | F5: =VLOOKUP(#REF!,'2021 status'!$B$2:$F$30,5,FALSE) -> #REF! | G5: =VLOOKUP(#REF!,'2021 status'!$B$2:$F$30,5,FALSE) -> #REF! | H5: =VLOOKUP(#REF!,'2021 status'!$B$2:$F$30,5,FALSE) -> #REF!
A6: =VLOOKUP('Plan - NL'!I12,'2021 status'!$B$2:$F$30,5,FALSE) -> 1 | B6: =VLOOKUP('Plan - NL'!J12,'2021 status'!$B$2:$F$30,5,FALSE) -> 3 | C6: =VLOOKUP('Plan - NL'!K12,'2021 status'!$B$2:$F$30,5,FALSE) -> 2 | D6: =VLOOKUP('Plan - NL'!L12,'2021 status'!$B$2:$F$30,5,FALSE) -> #N/A | E6: =VLOOKUP('Plan - NL'!M12,'2021 status'!$B$2:$F$30,5,FALSE) -> #N/A | F6: =VLOOKUP('Plan - NL'!N12,'2021 status'!$B$2:$F$30,5,FALSE) -> 1 | G6: =VLOOKUP('Plan - NL'!O12,'2021 status'!$B$2:$F$30,5,FALSE) -> #N/A | H6: =VLOOKUP('Plan - NL'!P12,'2021 status'!$B$2:$F$30,5,FALSE) -> #N/A
A7: =VLOOKUP(#REF!,'2021 status'!$B$2:$F$30,5,FALSE) -> #REF! | B7: =VLOOKUP(#REF!,'2021 status'!$B$2:$F$30,5,FALSE) -> #REF! | C7: =VLOOKUP(#REF!,'2021 status'!$B$2:$F$30,5,FALSE) -> #REF! | D7: =VLOOKUP(#REF!,'2021 status'!$B$2:$F$30,5,FALSE) -> #REF! | E7: =VLOOKUP(#REF!,'2021 status'!$B$2:$F$30,5,FALSE) -> #REF! | F7: =VLOOKUP(#REF!,'2021 status'!$B$2:$F$30,5,FALSE) -> #REF! | G7: =VLOOKUP(#REF!,'2021 status'!$B$2:$F$30,5,FALSE) -> #REF! | H7: =VLOOKUP(#REF!,'2021 status'!$B$2:$F$30,5,FALSE) -> #REF!
A8: =VLOOKUP(#REF!,'2021 status'!$B$2:$F$30,5,FALSE) -> #REF! | B8: =VLOOKUP(#REF!,'2021 status'!$B$2:$F$30,5,FALSE) -> #REF! | C8: =VLOOKUP(#REF!,'2021 status'!$B$2:$F$30,5,FALSE) -> #REF! | D8: =VLOOKUP(#REF!,'2021 status'!$B$2:$F$30,5,FALSE) -> #REF! | E8: =VLOOKUP(#REF!,'2021 status'!$B$2:$F$30,5,FALSE) -> #REF! | F8: =VLOOKUP(#REF!,'2021 status'!$B$2:$F$30,5,FALSE) -> #REF! | G8: =VLOOKUP(#REF!,'2021 status'!$B$2:$F$30,5,FALSE) -> #REF! | H8: =VLOOKUP(#REF!,'2021 status'!$B$2:$F$30,5,FALSE) -> #REF!
A9: =VLOOKUP(#REF!,'2021 status'!$B$2:$F$30,5,FALSE) -> #REF! | B9: =VLOOKUP(#REF!,'2021 status'!$B$2:$F$30,5,FALSE) -> #REF! | C9: =VLOOKUP(#REF!,'2021 status'!$B$2:$F$30,5,FALSE) -> #REF! | D9: =VLOOKUP(#REF!,'2021 status'!$B$2:$F$30,5,FALSE) -> #REF! | E9: =VLOOKUP(#REF!,'2021 status'!$B$2:$F$30,5,FALSE) -> #REF! | F9: =VLOOKUP(#REF!,'2021 status'!$B$2:$F$30,5,FALSE) -> #REF! | G9: =VLOOKUP(#REF!,'2021 status'!$B$2:$F$30,5,FALSE) -> #REF! | H9: =VLOOKUP(#REF!,'2021 status'!$B$2:$F$30,5,FALSE) -> #REF!
A10: =VLOOKUP(#REF!,'2021 status'!$B$2:$F$30,5,FALSE) -> #REF! | B10: =VLOOKUP(#REF!,'2021 status'!$B$2:$F$30,5,FALSE) -> #REF! | C10: =VLOOKUP(#REF!,'2021 status'!$B$2:$F$30,5,FALSE) -> #REF! | D10: =VLOOKUP(#REF!,'2021 status'!$B$2:$F$30,5,FALSE) -> #REF! | E10: =VLOOKUP(#REF!,'2021 status'!$B$2:$F$30,5,FALSE) -> #REF! | F10: =VLOOKUP(#REF!,'2021 status'!$B$2:$F$30,5,FALSE) -> #REF! | G10: =VLOOKUP(#REF!,'2021 status'!$B$2:$F$30,5,FALSE) -> #REF! | H10: =VLOOKUP(#REF!,'2021 status'!$B$2:$F$30,5,FALSE) -> #REF!
A11: =VLOOKUP(#REF!,'2021 status'!$B$2:$F$30,5,FALSE) -> #REF! | B11: =VLOOKUP(#REF!,'2021 status'!$B$2:$F$30,5,FALSE) -> #REF! | C11: =VLOOKUP(#REF!,'2021 status'!$B$2:$F$30,5,FALSE) -> #REF! | D11: =VLOOKUP(#REF!,'2021 status'!$B$2:$F$30,5,FALSE) -> #REF! | E11: =VLOOKUP(#REF!,'2021 status'!$B$2:$F$30,5,FALSE) -> #REF! | F11: =VLOOKUP(#REF!,'2021 status'!$B$2:$F$30,5,FALSE) -> #REF! | G11: =VLOOKUP(#REF!,'2021 status'!$B$2:$F$30,5,FALSE) -> #REF! | H11: =VLOOKUP(#REF!,'2021 status'!$B$2:$F$30,5,FALSE) -> #REF!
A12: =VLOOKUP('Plan - NL'!I24,'2021 status'!$B$2:$F$30,5,FALSE) -> #N/A | B12: =VLOOKUP('Plan - NL'!J24,'2021 status'!$B$2:$F$30,5,FALSE) -> #N/A | C12: =VLOOKUP('Plan - NL'!K24,'2021 status'!$B$2:$F$30,5,FALSE) -> #N/A | D12: =VLOOKUP('Plan - NL'!L24,'2021 status'!$B$2:$F$30,5,FALSE) -> #N/A | E12: =VLOOKUP('Plan - NL'!M24,'2021 status'!$B$2:$F$30,5,FALSE) -> #N/A | F12: =VLOOKUP('Plan - NL'!N24,'2021 status'!$B$2:$F$30,5,FALSE) -> #N/A | G12: =VLOOKUP('Plan - NL'!O24,'2021 status'!$B$2:$F$30,5,FALSE) -> #N/A | H12: =VLOOKUP('Plan - NL'!P24,'2021 status'!$B$2:$F$30,5,FALSE) -> #N/A
A13: =VLOOKUP(#REF!,'2021 status'!$B$2:$F$30,5,FALSE) -> #REF! | B13: =VLOOKUP(#REF!,'2021 status'!$B$2:$F$30,5,FALSE) -> #REF! | C13: =VLOOKUP(#REF!,'2021 status'!$B$2:$F$30,5,FALSE) -> #REF! | D13: =VLOOKUP(#REF!,'2021 status'!$B$2:$F$30,5,FALSE) -> #REF! | E13: =VLOOKUP(#REF!,'2021 status'!$B$2:$F$30,5,FALSE) -> #REF! | F13: =VLOOKUP(#REF!,'2021 status'!$B$2:$F$30,5,FALSE) -> #REF! | G13: =VLOOKUP(#REF!,'2021 status'!$B$2:$F$30,5,FALSE) -> #REF! | H13: =VLOOKUP(#REF!,'2021 status'!$B$2:$F$30,5,FALSE) -> #REF!
A14: =VLOOKUP(#REF!,'2021 status'!$B$2:$F$30,5,FALSE) -> #REF! | B14: =VLOOKUP(#REF!,'2021 status'!$B$2:$F$30,5,FALSE) -> #REF! | C14: =VLOOKUP(#REF!,'2021 status'!$B$2:$F$30,5,FALSE) -> #REF! | D14: =VLOOKUP(#REF!,'2021 status'!$B$2:$F$30,5,FALSE) -> #REF! | E14: =VLOOKUP(#REF!,'2021 status'!$B$2:$F$30,5,FALSE) -> #REF! | F14: =VLOOKUP(#REF!,'2021 status'!$B$2:$F$30,5,FALSE) -> #REF! | G14: =VLOOKUP(#REF!,'2021 status'!$B$2:$F$30,5,FALSE) -> #REF! | H14: =VLOOKUP(#REF!,'2021 status'!$B$2:$F$30,5,FALSE) -> #REF!
A15: =VLOOKUP(#REF!,'2021 status'!$B$2:$F$30,5,FALSE) -> #REF! | B15: =VLOOKUP(#REF!,'2021 status'!$B$2:$F$30,5,FALSE) -> #REF! | C15: =VLOOKUP(#REF!,'2021 status'!$B$2:$F$30,5,FALSE) -> #REF! | D15: =VLOOKUP(#REF!,'2021 status'!$B$2:$F$30,5,FALSE) -> #REF! | E15: =VLOOKUP(#REF!,'2021 status'!$B$2:$F$30,5,FALSE) -> #REF! | F15: =VLOOKUP(#REF!,'2021 status'!$B$2:$F$30,5,FALSE) -> #REF! | G15: =VLOOKUP(#REF!,'2021 status'!$B$2:$F$30,5,FALSE) -> #REF! | H15: =VLOOKUP(#REF!,'2021 status'!$B$2:$F$30,5,FALSE) -> #REF!
A16: =VLOOKUP(#REF!,'2021 status'!$B$2:$F$30,5,FALSE) -> #REF! | B16: =VLOOKUP(#REF!,'2021 status'!$B$2:$F$30,5,FALSE) -> #REF! | C16: =VLOOKUP(#REF!,'2021 status'!$B$2:$F$30,5,FALSE) -> #REF! | D16: =VLOOKUP(#REF!,'2021 status'!$B$2:$F$30,5,FALSE) -> #REF! | E16: =VLOOKUP(#REF!,'2021 status'!$B$2:$F$30,5,FALSE) -> #REF! | F16: =VLOOKUP(#REF!,'2021 status'!$B$2:$F$30,5,FALSE) -> #REF! | G16: =VLOOKUP(#REF!,'2021 status'!$B$2:$F$30,5,FALSE) -> #REF! | H16: =VLOOKUP(#REF!,'2021 status'!$B$2:$F$30,5,FALSE) -> #REF!
A17: =VLOOKUP(#REF!,'2021 status'!$B$2:$F$30,5,FALSE) -> #REF! | B17: =VLOOKUP(#REF!,'2021 status'!$B$2:$F$30,5,FALSE) -> #REF! | C17: =VLOOKUP(#REF!,'2021 status'!$B$2:$F$30,5,FALSE) -> #REF! | D17: =VLOOKUP(#REF!,'2021 status'!$B$2:$F$30,5,FALSE) -> #REF! | E17: =VLOOKUP(#REF!,'2021 status'!$B$2:$F$30,5,FALSE) -> #REF! | F17: =VLOOKUP(#REF!,'2021 status'!$B$2:$F$30,5,FALSE) -> #REF! | G17: =VLOOKUP(#REF!,'2021 status'!$B$2:$F$30,5,FALSE) -> #REF! | H17: =VLOOKUP(#REF!,'2021 status'!$B$2:$F$30,5,FALSE) -> #REF!
A18: =VLOOKUP(#REF!,'2021 status'!$B$2:$F$30,5,FALSE) -> #REF! | B18: =VLOOKUP(#REF!,'2021 status'!$B$2:$F$30,5,FALSE) -> #REF! | C18: =VLOOKUP(#REF!,'2021 status'!$B$2:$F$30,5,FALSE) -> #REF! | D18: =VLOOKUP(#REF!,'2021 status'!$B$2:$F$30,5,FALSE) -> #REF! | E18: =VLOOKUP(#REF!,'2021 status'!$B$2:$F$30,5,FALSE) -> #REF! | F18: =VLOOKUP(#REF!,'2021 status'!$B$2:$F$30,5,FALSE) -> #REF! | G18: =VLOOKUP(#REF!,'2021 status'!$B$2:$F$30,5,FALSE) -> #REF! | H18: =VLOOKUP(#REF!,'2021 status'!$B$2:$F$30,5,FALSE) -> #REF!
A19: =VLOOKUP('Plan - NL'!I28,'2021 status'!$B$2:$F$30,5,FALSE) -> #N/A | B19: =VLOOKUP('Plan - NL'!J28,'2021 status'!$B$2:$F$30,5,FALSE) -> #N/A | C19: =VLOOKUP('Plan - NL'!K28,'2021 status'!$B$2:$F$30,5,FALSE) -> #N/A | D19: =VLOOKUP('Plan - NL'!L28,'2021 status'!$B$2:$F$30,5,FALSE) -> #N/A | E19: =VLOOKUP('Plan - NL'!M28,'2021 status'!$B$2:$F$30,5,FALSE) -> #N/A | F19: =VLOOKUP('Plan - NL'!N28,'2021 status'!$B$2:$F$30,5,FALSE) -> #N/A | G19: =VLOOKUP('Plan - NL'!O28,'2021 status'!$B$2:$F$30,5,FALSE) -> #N/A | H19: =VLOOKUP('Plan - NL'!P28,'2021 status'!$B$2:$F$30,5,FALSE) -> #N/A
A20: =VLOOKUP(#REF!,'2021 status'!$B$2:$F$30,5,FALSE) -> #REF! | B20: =VLOOKUP(#REF!,'2021 status'!$B$2:$F$30,5,FALSE) -> #REF! | C20: =VLOOKUP(#REF!,'2021 status'!$B$2:$F$30,5,FALSE) -> #REF! | D20: =VLOOKUP(#REF!,'2021 status'!$B$2:$F$30,5,FALSE) -> #REF! | E20: =VLOOKUP(#REF!,'2021 status'!$B$2:$F$30,5,FALSE) -> #REF! | F20: =VLOOKUP(#REF!,'2021 status'!$B$2:$F$30,5,FALSE) -> #REF! | G20: =VLOOKUP(#REF!,'2021 status'!$B$2:$F$30,5,FALSE) -> #REF! | H20: =VLOOKUP(#REF!,'2021 status'!$B$2:$F$30,5,FALSE) -> #REF!
A21: =VLOOKUP(#REF!,'2021 status'!$B$2:$F$30,5,FALSE) -> #REF! | B21: =VLOOKUP(#REF!,'2021 status'!$B$2:$F$30,5,FALSE) -> #REF! | C21: =VLOOKUP(#REF!,'2021 status'!$B$2:$F$30,5,FALSE) -> #REF! | D21: =VLOOKUP(#REF!,'2021 status'!$B$2:$F$30,5,FALSE) -> #REF! | E21: =VLOOKUP(#REF!,'2021 status'!$B$2:$F$30,5,FALSE) -> #REF! | F21: =VLOOKUP(#REF!,'2021 status'!$B$2:$F$30,5,FALSE) -> #REF! | G21: =VLOOKUP(#REF!,'2021 status'!$B$2:$F$30,5,FALSE) -> #REF! | H21: =VLOOKUP(#REF!,'2021 status'!$B$2:$F$30,5,FALSE) -> #REF!
A22: =VLOOKUP(#REF!,'2021 status'!$B$2:$F$30,5,FALSE) -> #REF! | B22: =VLOOKUP(#REF!,'2021 status'!$B$2:$F$30,5,FALSE) -> #REF! | C22: =VLOOKUP(#REF!,'2021 status'!$B$2:$F$30,5,FALSE) -> #REF! | D22: =VLOOKUP(#REF!,'2021 status'!$B$2:$F$30,5,FALSE) -> #REF! | E22: =VLOOKUP(#REF!,'2021 status'!$B$2:$F$30,5,FALSE) -> #REF! | F22: =VLOOKUP(#REF!,'2021 status'!$B$2:$F$30,5,FALSE) -> #REF! | G22: =VLOOKUP(#REF!,'2021 status'!$B$2:$F$30,5,FALSE) -> #REF! | H22: =VLOOKUP(#REF!,'2021 status'!$B$2:$F$30,5,FALSE) -> #REF!

Sheet 2020 status
A1: Initials | B1: Yes / No | C1: Commitment | D1: Position | E1: Level
A2: AD | B2: Yes | D2: L | E2: 3
A3: AR | B3: Yes | D3: S | E3: 3
A4: AT | B4: Yes | D4: B | E4: 2
A5: BA | B5: Yes | D5: B | E5: 3
A6: CJ | B6: Yes | C6: Som 2019 | D6: U | E6: 1
A7: EM | B7: Yes | C7: Orlov studie | D7: B | E7: 2
A8: ER | B8: Yes | C8: Virker mere klar end tidligere | D8: F | E8: 2
A9: FK | B9: Yes | D9: B | E9: 1
A10: FR | B10: Yes | D10: R | E10: 1
A11: JE | B11: Yes | D11: F | E11: 1
A12: JK | B12: Yes | D12: L | E12: 1
A13: JL | B13: Yes | D13: L | E13: 2
A14: JT | B14: Pause | C14: Far marts | D14: U
A15: KJ | B15: Yes | D15: F | E15: 2
A16: KL | B16: Yes | D16: F | E16: 1
A17: KN | B17: Yes | D17: H | E17: 3
A18: MC | B18: Yes | D18: B | E18: 3
A19: MM | B19: Yes | D19: L | E19: 1
A20: MR | B20: Yes | D20: R | E20: 1
A21: MÅ | B21: Yes | D21: S | E21: 2
A22: NI | B22: Yes | D22: L | E22: 1
A23: OJ | B23: Yes | D23: S | E23: 2
A24: SK | B24: Yes | C24: Might only be available until May | D24: B | E24: 2
A25: SR | B25: Yes | D25: H | E25: 1
A26: TB | B26: Yes | D26: L | E26: 3
A27: TM | B27: Yes | D27: F | E27: 3
A28: TS | B28: Yes | D28: H | E28: 1
A29: UO | B29: No | D29: U
A30: VN | B30: Yes | D30: U | E30: 2

Sheet Tasks
A1: NL tasks
B2: 1. person | C2: 2. person
A3: Kamppapirer | B3: KL
A4: Kamptasker | B4: JK | C4: KJ
A5: Radioer | B5: KK | C5: SR
A6: Assignmemt | B6: MM | C6: KL / JE
A7: Gennemseening af kampe | B7: SR | C7: KL
A8: Deeps | B8: FK
A9: Wings | B9: MM
A10: Ref / Ump | B10: MM
A11: Kontakt til DAFF | B11: MM

Sheet Stats
H1: Dommerudgifter | I1: Gennemsnit | K1: Upload tid | L1: Gennemsnit | M1: MXl | N1: Grænse | O1: Sluttidspunkt | P1: Varighed | Q1: Varighed af kamp | R1: MXl for varighed
A2: =#REF! -> #REF! | B2: =#REF! -> #REF! | C2: =#REF! -> #REF! | D2: =#REF! -> #REF! | E2: =#REF! -> #REF! | F2: =#REF! -> #REF! | G2: =C2&" "&B2 -> #REF! | H2: =#REF! -> #REF! | I2: =AVERAGE(H$2:H$51) -> #REF! | J2: =#REF! -> #REF! | K2: =IF(DAY(J2)>30,24+HOUR(J2)+MINUTE(J2)/60,HOUR(J2)+MINUTE(J2)/60) -> #REF! | L2: =AVERAGE(K$2:K$51) -> #REF! | M2: 24 | N2: 36 | O2: =#REF! -> #REF! | P2: =IF(O2>0,O2-E2,"") -> #REF! | Q2: =HOUR(P2)+MINUTE(P2)/60 -> #REF! | R2: =HOUR("02.23.00")+MINUTE("02.23.00")/60 -> #VALUE! | S2: =AVERAGE(Q2:Q61) -> #REF! | T2: =O2-E2 -> #REF! | U2: =IF(DAY(T2)>30,24+HOUR(T2)+MINUTE(T2)/60,HOUR(T2)+MINUTE(T2)/60) -> #REF!
A3: =#REF! -> #REF! | B3: =#REF! -> #REF! | C3: =#REF! -> #REF! | D3: =#REF! -> #REF! | E3: =#REF! -> #REF! | F3: =#REF! -> #REF! | G3: =C3&" "&B3 -> #REF! | H3: =#REF! -> #REF! | I3: =AVERAGE(H$2:H$51) -> #REF! | J3: =#REF! -> #REF! | K3: =IF(DAY(J3)>30,24+HOUR(J3)+MINUTE(J3)/60,HOUR(J3)+MINUTE(J3)/60) -> #REF! | L3: =AVERAGE(K$2:K$51) -> #REF! | M3: 24 | N3: 36 | O3: =#REF! -> #REF! | P3: =IF(O3>0,O3-E3,"") -> #REF! | Q3: =HOUR(P3)+MINUTE(P3)/60 -> #REF! | R3: =HOUR("02.23.00")+MINUTE("02.23.00")/60 -> #VALUE! | T3: =O3-E3 -> #REF! | U3: =IF(DAY(T3)>30,24+HOUR(T3)+MINUTE(T3)/60,HOUR(T3)+MINUTE(T3)/60) -> #REF!
A4: =#REF! -> #REF! | B4: =#REF! -> #REF! | C4: =#REF! -> #REF! | D4: =#REF! -> #REF! | E4: =#REF! -> #REF! | F4: =#REF! -> #REF! | G4: =C4&" "&B4 -> #REF! | H4: =#REF! -> #REF! | I4: =AVERAGE(H$2:H$51) -> #REF! | J4: =#REF! -> #REF! | K4: =IF(DAY(J4)>30,24+HOUR(J4)+MINUTE(J4)/60,HOUR(J4)+MINUTE(J4)/60) -> #REF! | L4: =AVERAGE(K$2:K$51) -> #REF! | M4: 24 | N4: 36 | O4: =#REF! -> #REF! | P4: =IF(O4>0,O4-E4,"") -> #REF! | Q4: =HOUR(P4)+MINUTE(P4)/60 -> #REF! | R4: =HOUR("02.23.00")+MINUTE("02.23.00")/60 -> #VALUE! | T4: =O4-E4 -> #REF! | U4: =IF(DAY(T4)>30,24+HOUR(T4)+MINUTE(T4)/60,HOUR(T4)+MINUTE(T4)/60) -> #REF!
A5: =#REF! -> #REF! | B5: =#REF! -> #REF! | C5: =#REF! -> #REF! | D5: =#REF! -> #REF! | E5: =#REF! -> #REF! | F5: =#REF! -> #REF! | G5: =C5&" "&B5 -> #REF! | H5: =#REF! -> #REF! | I5: =AVERAGE(H$2:H$51) -> #REF! | J5: =#REF! -> #REF! | K5: =IF(DAY(J5)>30,24+HOUR(J5)+MINUTE(J5)/60,HOUR(J5)+MINUTE(J5)/60) -> #REF! | L5: =AVERAGE(K$2:K$51) -> #REF! | M5: 24 | N5: 36 | O5: =#REF! -> #REF! | P5: =IF(O5>0,O5-E5,"") -> #REF! | Q5: =HOUR(P5)+MINUTE(P5)/60 -> #REF! | R5: =HOUR("02.23.00")+MINUTE("02.23.00")/60 -> #VALUE! | T5: =O5-E5 -> #REF! | U5: =IF(DAY(T5)>30,24+HOUR(T5)+MINUTE(T5)/60,HOUR(T5)+MINUTE(T5)/60) -> #REF!
A6: =#REF! -> #REF! | B6: =#REF! -> #REF! | C6: =#REF! -> #REF! | D6: =#REF! -> #REF! | E6: =#REF! -> #REF! | F6: =#REF! -> #REF! | G6: =C6&" "&B6 -> #REF! | H6: =#REF! -> #REF! | I6: =AVERAGE(H$2:H$51) -> #REF! | J6: =#REF! -> #REF! | K6: =IF(DAY(J6)>30,24+HOUR(J6)+MINUTE(J6)/60,HOUR(J6)+MINUTE(J6)/60) -> #REF! | L6: =AVERAGE(K$2:K$51) -> #REF! | M6: 24 | N6: 36 | O6: =#REF! -> #REF! | P6: =IF(O6>0,O6-E6,"") -> #REF! | Q6: =HOUR(P6)+MINUTE(P6)/60 -> #REF! | R6: =HOUR("02.23.00")+MINUTE("02.23.00")/60 -> #VALUE! | T6: =O6-E6 -> #REF! | U6: =IF(DAY(T6)>30,24+HOUR(T6)+MINUTE(T6)/60,HOUR(T6)+MINUTE(T6)/60) -> #REF!
A7: =#REF! -> #REF! | B7: =#REF! -> #REF! | C7: =#REF! -> #REF! | D7: =#REF! -> #REF! | E7: =#REF! -> #REF! | F7: =#REF! -> #REF! | G7: =C7&" "&B7 -> #REF! | H7: =#REF! -> #REF! | I7: =AVERAGE(H$2:H$51) -> #REF! | J7: =#REF! -> #REF! | K7: =IF(DAY(J7)>30,24+HOUR(J7)+MINUTE(J7)/60,HOUR(J7)+MINUTE(J7)/60) -> #REF! | L7: =AVERAGE(K$2:K$51) -> #REF! | M7: 24 | N7: 36 | O7: =#REF! -> #REF! | P7: =IF(O7>0,O7-E7,"") -> #REF! | Q7: =HOUR(P7)+MINUTE(P7)/60 -> #REF! | R7: =HOUR("02.23.00")+MINUTE("02.23.00")/60 -> #VALUE! | T7: =O7-E7 -> #REF! | U7: =IF(DAY(T7)>30,24+HOUR(T7)+MINUTE(T7)/60,HOUR(T7)+MINUTE(T7)/60) -> #REF!
A8: =#REF! -> #REF! | B8: =#REF! -> #REF! | C8: =#REF! -> #REF! | D8: =#REF! -> #REF! | E8: =#REF! -> #REF! | F8: =#REF! -> #REF! | G8: =C8&" "&B8 -> #REF! | H8: =#REF! -> #REF! | I8: =AVERAGE(H$2:H$51) -> #REF! | J8: =#REF! -> #REF! | K8: =IF(DAY(J8)>30,24+HOUR(J8)+MINUTE(J8)/60,HOUR(J8)+MINUTE(J8)/60) -> #REF! | L8: =AVERAGE(K$2:K$51) -> #REF! | M8: 24 | N8: 36 | O8: =#REF! -> #REF! | P8: =IF(O8>0,O8-E8,"") -> #REF! | Q8: =HOUR(P8)+MINUTE(P8)/60 -> #REF! | R8: =HOUR("02.23.00")+MINUTE("02.23.00")/60 -> #VALUE! | T8: =O8-E8 -> #REF! | U8: =IF(DAY(T8)>30,24+HOUR(T8)+MINUTE(T8)/60,HOUR(T8)+MINUTE(T8)/60) -> #REF!
A9: =#REF! -> #REF! | B9: =#REF! -> #REF! | C9: =#REF! -> #REF! | D9: =#REF! -> #REF! | E9: =#REF! -> #REF! | F9: =#REF! -> #REF! | G9: =C9&" "&B9 -> #REF! | H9: =#REF! -> #REF! | I9: =AVERAGE(H$2:H$51) -> #REF! | J9: =#REF! -> #REF! | K9: =IF(DAY(J9)>30,24+HOUR(J9)+MINUTE(J9)/60,HOUR(J9)+MINUTE(J9)/60) -> #REF! | L9: =AVERAGE(K$2:K$51) -> #REF! | M9: 24 | N9: 36 | O9: =#REF! -> #REF! | P9: =IF(O9>0,O9-E9,"") -> #REF! | Q9: =HOUR(P9)+MINUTE(P9)/60 -> #REF! | R9: =HOUR("02.23.00")+MINUTE("02.23.00")/60 -> #VALUE! | T9: =O9-E9 -> #REF! | U9: =IF(DAY(T9)>30,24+HOUR(T9)+MINUTE(T9)/60,HOUR(T9)+MINUTE(T9)/60) -> #REF!
A10: =#REF! -> #REF! | B10: =#REF! -> #REF! | C10: =#REF! -> #REF! | D10: =#REF! -> #REF! | E10: =#REF! -> #REF! | F10: =#REF! -> #REF! | G10: =C10&" "&B10 -> #REF! | H10: =#REF! -> #REF! | I10: =AVERAGE(H$2:H$51) -> #REF! | J10: =#REF! -> #REF! | K10: =IF(DAY(J10)>30,24+HOUR(J10)+MINUTE(J10)/60,HOUR(J10)+MINUTE(J10)/60) -> #REF! | L10: =AVERAGE(K$2:K$51) -> #REF! | M10: 24 | N10: 36 | O10: =#REF! -> #REF! | P10: =IF(O10>0,O10-E10,"") -> #REF! | Q10: =HOUR(P10)+MINUTE(P10)/60 -> #REF! | R10: =HOUR("02.23.00")+MINUTE("02.23.00")/60 -> #VALUE! | T10: =O10-E10 -> #REF! | U10: =IF(DAY(T10)>30,24+HOUR(T10)+MINUTE(T10)/60,HOUR(T10)+MINUTE(T10)/60) -> #REF!
A11: =#REF! -> #REF! | B11: =#REF! -> #REF! | C11: =#REF! -> #REF! | D11: =#REF! -> #REF! | E11: =#REF! -> #REF! | F11: =#REF! -> #REF! | G11: =C11&" "&B11 -> #REF! | H11: =#REF! -> #REF! | I11: =AVERAGE(H$2:H$51) -> #REF! | J11: =#REF! -> #REF! | K11: =IF(DAY(J11)>30,24+HOUR(J11)+MINUTE(J11)/60,HOUR(J11)+MINUTE(J11)/60) -> #REF! | L11: =AVERAGE(K$2:K$51) -> #REF! | M11: 24 | N11: 36 | O11: =#REF! -> #REF! | P11: =IF(O11>0,O11-E11,"") -> #REF! | Q11: =HOUR(P11)+MINUTE(P11)/60 -> #REF! | R11: =HOUR("02.23.00")+MINUTE("02.23.00")/60 -> #VALUE! | T11: =O11-E11 -> #REF! | U11: =IF(DAY(T11)>30,24+HOUR(T11)+MINUTE(T11)/60,HOUR(T11)+MINUTE(T11)/60) -> #REF!
A12: =#REF! -> #REF! | B12: =#REF! -> #REF! | C12: =#REF! -> #REF! | D12: =#REF! -> #REF! | E12: =#REF! -> #REF! | F12: =#REF! -> #REF! | G12: =C12&" "&B12 -> #REF! | H12: =#REF! -> #REF! | I12: =AVERAGE(H$2:H$51) -> #REF! | J12: =#REF! -> #REF! | K12: =IF(DAY(J12)>30,24+HOUR(J12)+MINUTE(J12)/60,HOUR(J12)+MINUTE(J12)/60) -> #REF! | L12: =AVERAGE(K$2:K$51) -> #REF! | M12: 24 | N12: 36 | O12: =#REF! -> #REF! | P12: =IF(O12>0,O12-E12,"") -> #REF! | Q12: =HOUR(P12)+MINUTE(P12)/60 -> #REF! | R12: =HOUR("02.23.00")+MINUTE("02.23.00")/60 -> #VALUE! | T12: =O12-E12 -> #REF! | U12: =IF(DAY(T12)>30,24+HOUR(T12)+MINUTE(T12)/60,HOUR(T12)+MINUTE(T12)/60) -> #REF!
A13: =#REF! -> #REF! | B13: =#REF! -> #REF! | C13: =#REF! -> #REF! | D13: =#REF! -> #REF! | E13: =#REF! -> #REF! | F13: =#REF! -> #REF! | G13: =C13&" "&B13 -> #REF! | H13: =#REF! -> #REF! | I13: =AVERAGE(H$2:H$51) -> #REF! | J13: =#REF! -> #REF! | K13: =IF(DAY(J13)>30,24+HOUR(J13)+MINUTE(J13)/60,HOUR(J13)+MINUTE(J13)/60) -> #REF! | L13: =AVERAGE(K$2:K$51) -> #REF! | M13: 24 | N13: 36 | O13: =#REF! -> #REF! | P13: =IF(O13>0,O13-E13,"") -> #REF! | Q13: =HOUR(P13)+MINUTE(P13)/60 -> #REF! | R13: =HOUR("02.23.00")+MINUTE("02.23.00")/60 -> #VALUE! | T13: =O13-E13 -> #REF! | U13: =IF(DAY(T13)>30,24+HOUR(T13)+MINUTE(T13)/60,HOUR(T13)+MINUTE(T13)/60) -> #REF!
A14: =#REF! -> #REF! | B14: =#REF! -> #REF! | C14: =#REF! -> #REF! | D14: =#REF! -> #REF! | E14: =#REF! -> #REF! | F14: =#REF! -> #REF! | G14: =C14&" "&B14 -> #REF! | H14: =#REF! -> #REF! | I14: =AVERAGE(H$2:H$51) -> #REF! | J14: =#REF! -> #REF! | K14: =IF(DAY(J14)>30,24+HOUR(J14)+MINUTE(J14)/60,HOUR(J14)+MINUTE(J14)/60) -> #REF! | L14: =AVERAGE(K$2:K$51) -> #REF! | M14: 24 | N14: 36 | O14: =#REF! -> #REF! | P14: =IF(O14>0,O14-E14,"") -> #REF! | Q14: =HOUR(P14)+MINUTE(P14)/60 -> #REF! | R14: =HOUR("02.23.00")+MINUTE("02.23.00")/60 -> #VALUE! | T14: =O14-E14 -> #REF! | U14: =IF(DAY(T14)>30,24+HOUR(T14)+MINUTE(T14)/60,HOUR(T14)+MINUTE(T14)/60) -> #REF!
... A43: =#REF! -> #REF! | B43: =#REF! -> #REF! | C43: =#REF! -> #REF! | D43: =#REF! -> #REF! | E43: =#REF! -> #REF! | F43: =#REF! -> #REF! | G43: =C43&" "&B43 -> #REF! | H43: =#REF! -> #REF! | I43: =AVERAGE(H$2:H$51) -> #REF! | J43: =#REF! -> #REF! | K43: =IF(DAY(J43)>30,24+HOUR(J43)+MINUTE(J43)/60,HOUR(J43)+MINUTE(J43)/60) -> #REF! | L43: =AVERAGE(K$2:K$51) -> #REF! | M43: 24 | N43: 36 | O43: =#REF! -> #REF! | P43: =IF(O43>0,O43-E43,"") -> #REF! | Q43: =HOUR(P43)+MINUTE(P43)/60 -> #REF! | R43: =HOUR("02.23.00")+MINUTE("02.23.00")/60 -> #VALUE! | T43: =O43-E43 -> #REF! | U43: =IF(DAY(T43)>30,24+HOUR(T43)+MINUTE(T43)/60,HOUR(T43)+MINUTE(T43)/60) -> #REF!
A44: ='Plan - NL'!B28 -> 20 | B44: ='Plan - NL'!E28 -> September | C44: ='Plan - NL'!D28 -> 13 | D44: ='Plan - NL'!C28 -> Lørdag | E44: ='Plan - NL'!F28 -> 0.54166667 | F44: ='Plan - NL'!A28 -> NL | G44: =C44&" "&B44 -> 13 September | H44: ='Plan - NL'!Y28 | I44: =AVERAGE(H$2:H$51) -> #REF! | J44: ='Plan - NL'!AK15 -> 0 | K44: =IF(DAY(J44)>30,24+HOUR(J44)+MINUTE(J44)/60,HOUR(J44)+MINUTE(J44)/60) -> 0 | L44: =AVERAGE(K$2:K$51) -> #REF! | M44: 24 | N44: 36 | O44: ='Plan - NL'!AD15 | P44: =IF(O44>0,O44-E44,"") | Q44: =HOUR(P44)+MINUTE(P44)/60 -> #VALUE! | R44: =HOUR("02.23.00")+MINUTE("02.23.00")/60 -> #VALUE! | T44: =O44-E44 -> -0.54166667 | U44: =IF(DAY(T44)>30,24+HOUR(T44)+MINUTE(T44)/60,HOUR(T44)+MINUTE(T44)/60) -> #NUM!
A45: =#REF! -> #REF! | B45: =#REF! -> #REF! | C45: =#REF! -> #REF! | D45: =#REF! -> #REF! | E45: =#REF! -> #REF! | F45: =#REF! -> #REF! | G45: =C45&" "&B45 -> #REF! | H45: =#REF! -> #REF! | I45: =AVERAGE(H$2:H$51) -> #REF! | J45: =#REF! -> #REF! | K45: =IF(DAY(J45)>30,24+HOUR(J45)+MINUTE(J45)/60,HOUR(J45)+MINUTE(J45)/60) -> #REF! | L45: =AVERAGE(K$2:K$51) -> #REF! | M45: 24 | N45: 36 | O45: =#REF! -> #REF! | P45: =IF(O45>0,O45-E45,"") -> #REF! | Q45: =HOUR(P45)+MINUTE(P45)/60 -> #REF! | R45: =HOUR("02.23.00")+MINUTE("02.23.00")/60 -> #VALUE! | T45: =O45-E45 -> #REF! | U45: =IF(DAY(T45)>30,24+HOUR(T45)+MINUTE(T45)/60,HOUR(T45)+MINUTE(T45)/60) -> #REF!
A46: =#REF! -> #REF! | B46: =#REF! -> #REF! | C46: =#REF! -> #REF! | D46: =#REF! -> #REF! | E46: =#REF! -> #REF! | F46: =#REF! -> #REF! | G46: =C46&" "&B46 -> #REF! | H46: =#REF! -> #REF! | I46: =AVERAGE(H$2:H$51) -> #REF! | J46: =#REF! -> #REF! | K46: =IF(DAY(J46)>30,24+HOUR(J46)+MINUTE(J46)/60,HOUR(J46)+MINUTE(J46)/60) -> #REF! | L46: =AVERAGE(K$2:K$51) -> #REF! | M46: 24 | N46: 36 | O46: =#REF! -> #REF! | P46: =IF(O46>0,O46-E46,"") -> #REF! | Q46: =HOUR(P46)+MINUTE(P46)/60 -> #REF! | R46: =HOUR("02.23.00")+MINUTE("02.23.00")/60 -> #VALUE! | T46: =O46-E46 -> #REF! | U46: =IF(DAY(T46)>30,24+HOUR(T46)+MINUTE(T46)/60,HOUR(T46)+MINUTE(T46)/60) -> #REF!
A47: =#REF! -> #REF! | B47: =#REF! -> #REF! | C47: =#REF! -> #REF! | D47: =#REF! -> #REF! | E47: =#REF! -> #REF! | F47: =#REF! -> #REF! | G47: =C47&" "&B47 -> #REF! | H47: =#REF! -> #REF! | I47: =AVERAGE(H$2:H$51) -> #REF! | J47: =#REF! -> #REF! | K47: =IF(DAY(J47)>30,24+HOUR(J47)+MINUTE(J47)/60,HOUR(J47)+MINUTE(J47)/60) -> #REF! | L47: =AVERAGE(K$2:K$51) -> #REF! | M47: 24 | N47: 36 | O47: =#REF! -> #REF! | P47: =IF(O47>0,O47-E47,"") -> #REF! | Q47: =HOUR(P47)+MINUTE(P47)/60 -> #REF! | R47: =HOUR("02.23.00")+MINUTE("02.23.00")/60 -> #VALUE! | T47: =O47-E47 -> #REF! | U47: =IF(DAY(T47)>30,24+HOUR(T47)+MINUTE(T47)/60,HOUR(T47)+MINUTE(T47)/60) -> #REF!
A48: =#REF! -> #REF! | B48: =#REF! -> #REF! | C48: =#REF! -> #REF! | D48: =#REF! -> #REF! | E48: =#REF! -> #REF! | F48: =#REF! -> #REF! | G48: =C48&" "&B48 -> #REF! | H48: ='Plan - NL'!Y29 | I48: =AVERAGE(H$2:H$51) -> #REF! | J48: =#REF! -> #REF! | K48: =IF(DAY(J48)>30,24+HOUR(J48)+MINUTE(J48)/60,HOUR(J48)+MINUTE(J48)/60) -> #REF! | L48: =AVERAGE(K$2:K$51) -> #REF! | M48: 24 | N48: 36 | O48: =#REF! -> #REF! | P48: =IF(O48>0,O48-E48,"") -> #REF! | Q48: =HOUR(P48)+MINUTE(P48)/60 -> #REF! | R48: =HOUR("02.23.00")+MINUTE("02.23.00")/60 -> #VALUE! | T48: =O48-E48 -> #REF! | U48: =IF(DAY(T48)>30,24+HOUR(T48)+MINUTE(T48)/60,HOUR(T48)+MINUTE(T48)/60) -> #REF!

Sheet DATA
A1: =IF(ISBLANK(#REF!),0,1) -> 1 | B1: =IF(ISBLANK(#REF!),0,1) -> 1 | C1: =IF(ISBLANK(#REF!),0,1) -> 1 | D1: =IF(ISBLANK(#REF!),0,1) -> 1 | E1: =IF(ISBLANK(#REF!),0,1) -> 1 | F1: =IF(ISBLANK(#REF!),0,1) -> 1 | G1: =IF(ISBLANK(#REF!),0,1) -> 1 | H1: =IF(ISBLANK(#REF!),0,1) -> 1 | I1: =sum(A1:G1) -> 7
A2: =IF(ISBLANK(#REF!),0,1) -> 1 | B2: =IF(ISBLANK(#REF!),0,1) -> 1 | C2: =IF(ISBLANK(#REF!),0,1) -> 1 | D2: =IF(ISBLANK(#REF!),0,1) -> 1 | E2: =IF(ISBLANK(#REF!),0,1) -> 1 | F2: =IF(ISBLANK(#REF!),0,1) -> 1 | G2: =IF(ISBLANK(#REF!),0,1) -> 1 | H2: =IF(ISBLANK(#REF!),0,1) -> 1 | I2: =SUM(A2:G2) -> 7
A3: =IF(ISBLANK(#REF!),0,1) -> 1 | B3: =IF(ISBLANK(#REF!),0,1) -> 1 | C3: =IF(ISBLANK(#REF!),0,1) -> 1 | D3: =IF(ISBLANK(#REF!),0,1) -> 1 | E3: =IF(ISBLANK(#REF!),0,1) -> 1 | F3: =IF(ISBLANK(#REF!),0,1) -> 1 | G3: =IF(ISBLANK(#REF!),0,1) -> 1 | H3: =IF(ISBLANK(#REF!),0,1) -> 1 | I3: =SUM(A3:G3) -> 7
A4: =IF(ISBLANK(#REF!),0,1) -> 1 | B4: =IF(ISBLANK(#REF!),0,1) -> 1 | C4: =IF(ISBLANK(#REF!),0,1) -> 1 | D4: =IF(ISBLANK(#REF!),0,1) -> 1 | E4: =IF(ISBLANK(#REF!),0,1) -> 1 | F4: =IF(ISBLANK(#REF!),0,1) -> 1 | G4: =IF(ISBLANK(#REF!),0,1) -> 1 | H4: =IF(ISBLANK(#REF!),0,1) -> 1 | I4: =SUM(A4:G4) -> 7
A5: =IF(ISBLANK(#REF!),0,1) -> 1 | B5: =IF(ISBLANK(#REF!),0,1) -> 1 | C5: =IF(ISBLANK(#REF!),0,1) -> 1 | D5: =IF(ISBLANK(#REF!),0,1) -> 1 | E5: =IF(ISBLANK(#REF!),0,1) -> 1 | F5: =IF(ISBLANK(#REF!),0,1) -> 1 | G5: =IF(ISBLANK(#REF!),0,1) -> 1 | H5: =IF(ISBLANK(#REF!),0,1) -> 1 | I5: =SUM(A5:G5) -> 7
A6: =IF(ISBLANK(#REF!),0,1) -> 1 | B6: =IF(ISBLANK(#REF!),0,1) -> 1 | C6: =IF(ISBLANK(#REF!),0,1) -> 1 | D6: =IF(ISBLANK(#REF!),0,1) -> 1 | E6: =IF(ISBLANK(#REF!),0,1) -> 1 | F6: =IF(ISBLANK(#REF!),0,1) -> 1 | G6: =IF(ISBLANK(#REF!),0,1) -> 1 | H6: =IF(ISBLANK(#REF!),0,1) -> 1 | I6: =SUM(A6:G6) -> 7
A7: =IF(ISBLANK(#REF!),0,1) -> 1 | B7: =IF(ISBLANK(#REF!),0,1) -> 1 | C7: =IF(ISBLANK(#REF!),0,1) -> 1 | D7: =IF(ISBLANK(#REF!),0,1) -> 1 | E7: =IF(ISBLANK(#REF!),0,1) -> 1 | F7: =IF(ISBLANK(#REF!),0,1) -> 1 | G7: =IF(ISBLANK(#REF!),0,1) -> 1 | H7: =IF(ISBLANK(#REF!),0,1) -> 1 | I7: =SUM(A7:G7) -> 7
A8: =IF(ISBLANK(#REF!),0,1) -> 1 | B8: =IF(ISBLANK(#REF!),0,1) -> 1 | C8: =IF(ISBLANK(#REF!),0,1) -> 1 | D8: =IF(ISBLANK(#REF!),0,1) -> 1 | E8: =IF(ISBLANK(#REF!),0,1) -> 1 | F8: =IF(ISBLANK(#REF!),0,1) -> 1 | G8: =IF(ISBLANK(#REF!),0,1) -> 1 | H8: =IF(ISBLANK(#REF!),0,1) -> 1 | I8: =SUM(A8:G8) -> 7
A9: =IF(ISBLANK(#REF!),0,1) -> 1 | B9: =IF(ISBLANK(#REF!),0,1) -> 1 | C9: =IF(ISBLANK(#REF!),0,1) -> 1 | D9: =IF(ISBLANK(#REF!),0,1) -> 1 | E9: =IF(ISBLANK(#REF!),0,1) -> 1 | F9: =IF(ISBLANK(#REF!),0,1) -> 1 | G9: =IF(ISBLANK(#REF!),0,1) -> 1 | H9: =IF(ISBLANK(#REF!),0,1) -> 1 | I9: =SUM(A9:G9) -> 7
A10: =IF(ISBLANK(#REF!),0,1) -> 1 | B10: =IF(ISBLANK(#REF!),0,1) -> 1 | C10: =IF(ISBLANK(#REF!),0,1) -> 1 | D10: =IF(ISBLANK(#REF!),0,1) -> 1 | E10: =IF(ISBLANK(#REF!),0,1) -> 1 | F10: =IF(ISBLANK(#REF!),0,1) -> 1 | G10: =IF(ISBLANK(#REF!),0,1) -> 1 | H10: =IF(ISBLANK(#REF!),0,1) -> 1 | I10: =SUM(A10:G10) -> 7
A11: =IF(ISBLANK(#REF!),0,1) -> 1 | B11: =IF(ISBLANK(#REF!),0,1) -> 1 | C11: =IF(ISBLANK(#REF!),0,1) -> 1 | D11: =IF(ISBLANK(#REF!),0,1) -> 1 | E11: =IF(ISBLANK(#REF!),0,1) -> 1 | F11: =IF(ISBLANK(#REF!),0,1) -> 1 | G11: =IF(ISBLANK(#REF!),0,1) -> 1 | H11: =IF(ISBLANK(#REF!),0,1) -> 1 | I11: =SUM(A11:G11) -> 7
A12: =IF(ISBLANK(#REF!),0,1) -> 1 | B12: =IF(ISBLANK(#REF!),0,1) -> 1 | C12: =IF(ISBLANK(#REF!),0,1) -> 1 | D12: =IF(ISBLANK(#REF!),0,1) -> 1 | E12: =IF(ISBLANK(#REF!),0,1) -> 1 | F12: =IF(ISBLANK(#REF!),0,1) -> 1 | G12: =IF(ISBLANK(#REF!),0,1) -> 1 | H12: =IF(ISBLANK(#REF!),0,1) -> 1 | I12: =SUM(A12:G12) -> 7
A13: =IF(ISBLANK(#REF!),0,1) -> 1 | B13: =IF(ISBLANK(#REF!),0,1) -> 1 | C13: =IF(ISBLANK(#REF!),0,1) -> 1 | D13: =IF(ISBLANK(#REF!),0,1) -> 1 | E13: =IF(ISBLANK(#REF!),0,1) -> 1 | F13: =IF(ISBLANK(#REF!),0,1) -> 1 | G13: =IF(ISBLANK(#REF!),0,1) -> 1 | H13: =IF(ISBLANK(#REF!),0,1) -> 1 | I13: =SUM(A13:G13) -> 7
... A42: =IF(ISBLANK(#REF!),0,1) -> 1 | B42: =IF(ISBLANK(#REF!),0,1) -> 1 | C42: =IF(ISBLANK(#REF!),0,1) -> 1 | D42: =IF(ISBLANK(#REF!),0,1) -> 1 | E42: =IF(ISBLANK(#REF!),0,1) -> 1 | F42: =IF(ISBLANK(#REF!),0,1) -> 1 | G42: =IF(ISBLANK(#REF!),0,1) -> 1 | H42: =IF(ISBLANK(#REF!),0,1) -> 1 | I42: =SUM(A42:G42) -> 7
A43: =IF(ISBLANK('Plan - NL'!I28),0,1) -> 0 | B43: =IF(ISBLANK('Plan - NL'!J28),0,1) -> 0 | C43: =IF(ISBLANK('Plan - NL'!K28),0,1) -> 0 | D43: =IF(ISBLANK('Plan - NL'!L28),0,1) -> 0 | E43: =IF(ISBLANK('Plan - NL'!M28),0,1) -> 0 | F43: =IF(ISBLANK('Plan - NL'!N28),0,1) -> 0 | G43: =IF(ISBLANK('Plan - NL'!O28),0,1) -> 0 | H43: =IF(ISBLANK('Plan - NL'!P28),0,1) -> 0 | I43: =SUM(A43:G43) -> 0
A44: =IF(ISBLANK(#REF!),0,1) -> 1 | B44: =IF(ISBLANK(#REF!),0,1) -> 1 | C44: =IF(ISBLANK(#REF!),0,1) -> 1 | D44: =IF(ISBLANK(#REF!),0,1) -> 1 | E44: =IF(ISBLANK(#REF!),0,1) -> 1 | F44: =IF(ISBLANK(#REF!),0,1) -> 1 | G44: =IF(ISBLANK(#REF!),0,1) -> 1 | H44: =IF(ISBLANK(#REF!),0,1) -> 1 | I44: =SUM(A44:G44) -> 7
A45: =IF(ISBLANK(#REF!),0,1) -> 1 | B45: =IF(ISBLANK(#REF!),0,1) -> 1 | C45: =IF(ISBLANK(#REF!),0,1) -> 1 | D45: =IF(ISBLANK(#REF!),0,1) -> 1 | E45: =IF(ISBLANK(#REF!),0,1) -> 1 | F45: =IF(ISBLANK(#REF!),0,1) -> 1 | G45: =IF(ISBLANK(#REF!),0,1) -> 1 | H45: =IF(ISBLANK(#REF!),0,1) -> 1 | I45: =SUM(A45:G45) -> 7
A46: =IF(ISBLANK(#REF!),0,1) -> 1 | B46: =IF(ISBLANK(#REF!),0,1) -> 1 | C46: =IF(ISBLANK(#REF!),0,1) -> 1 | D46: =IF(ISBLANK(#REF!),0,1) -> 1 | E46: =IF(ISBLANK(#REF!),0,1) -> 1 | F46: =IF(ISBLANK(#REF!),0,1) -> 1 | G46: =IF(ISBLANK(#REF!),0,1) -> 1 | H46: =IF(ISBLANK(#REF!),0,1) -> 1 | I46: =SUM(A46:G46) -> 7
A47: =IF(ISBLANK(#REF!),0,1) -> 1 | B47: =IF(ISBLANK(#REF!),0,1) -> 1 | C47: =IF(ISBLANK(#REF!),0,1) -> 1 | D47: =IF(ISBLANK(#REF!),0,1) -> 1 | E47: =IF(ISBLANK(#REF!),0,1) -> 1 | F47: =IF(ISBLANK(#REF!),0,1) -> 1 | G47: =IF(ISBLANK(#REF!),0,1) -> 1 | H47: =IF(ISBLANK(#REF!),0,1) -> 1 | I47: =SUM(A47:G47) -> 7
A48: =IF(ISBLANK(#REF!),0,1) -> 1 | B48: =IF(ISBLANK(#REF!),0,1) -> 1 | C48: =IF(ISBLANK(#REF!),0,1) -> 1 | D48: =IF(ISBLANK(#REF!),0,1) -> 1 | E48: =IF(ISBLANK('Plan - NL'!E38),0,1) -> 1 | F48: =IF(ISBLANK(#REF!),0,1) -> 1 | G48: =IF(ISBLANK('Plan - NL'!G38),0,1) -> 1 | H48: =IF(ISBLANK('Plan - NL'!H47),0,1) -> 1 | I48: =SUM(A48:G48) -> 7
A49: =IF(ISBLANK(#REF!),0,1) -> 1 | B49: =IF(ISBLANK(#REF!),0,1) -> 1 | C49: =IF(ISBLANK(#REF!),0,1) -> 1 | D49: =IF(ISBLANK(#REF!),0,1) -> 1 | E49: =IF(ISBLANK('Plan - NL'!E49),0,1) -> 1 | F49: =IF(ISBLANK(#REF!),0,1) -> 1 | G49: =IF(ISBLANK('Plan - NL'!G49),0,1) -> 1 | H49: =IF(ISBLANK('Plan - NL'!H56),0,1) -> 1 | I49: =SUM(A49:G49) -> 7
A50: =IF(ISBLANK(#REF!),0,1) -> 1 | B50: =IF(ISBLANK(#REF!),0,1) -> 1 | C50: =IF(ISBLANK(#REF!),0,1) -> 1 | D50: =IF(ISBLANK(#REF!),0,1) -> 1 | E50: =IF(ISBLANK('Plan - NL'!E50),0,1) -> 1 | F50: =IF(ISBLANK(#REF!),0,1) -> 1 | G50: =IF(ISBLANK(#REF!),0,1) -> 1 | H50: =IF(ISBLANK('Plan - NL'!H41),0,1) -> 1 | I50: =SUM(A50:G50) -> 7
A51: =IF(ISBLANK(#REF!),0,1) -> 1 | B51: =IF(ISBLANK(#REF!),0,1) -> 1 | C51: =IF(ISBLANK(#REF!),0,1) -> 1 | D51: =IF(ISBLANK(#REF!),0,1) -> 1 | E51: =IF(ISBLANK('Plan - NL'!E37),0,1) -> 1 | F51: =IF(ISBLANK(#REF!),0,1) -> 1 | G51: =IF(ISBLANK(#REF!),0,1) -> 1 | H51: =IF(ISBLANK(#REF!),0,1) -> 1 | I51: =SUM(A51:G51) -> 7
A52: =IF(ISBLANK(#REF!),0,1) -> 1 | B52: =IF(ISBLANK(#REF!),0,1) -> 1 | C52: =IF(ISBLANK(#REF!),0,1) -> 1 | D52: =IF(ISBLANK(#REF!),0,1) -> 1 | E52: =IF(ISBLANK(#REF!),0,1) -> 1 | F52: =IF(ISBLANK(#REF!),0,1) -> 1 | G52: =IF(ISBLANK('Plan - NL'!J37),0,1) -> 1 | H52: =IF(ISBLANK(#REF!),0,1) -> 1 | I52: =SUM(A52:G52) -> 7
A53: =IF(ISBLANK(#REF!),0,1) -> 1 | B53: =IF(ISBLANK(#REF!),0,1) -> 1 | C53: =IF(ISBLANK(#REF!),0,1) -> 1 | D53: =IF(ISBLANK('Plan - NL'!M47),0,1) -> 0 | E53: =IF(ISBLANK(#REF!),0,1) -> 1 | F53: =IF(ISBLANK(#REF!),0,1) -> 1 | G53: =IF(ISBLANK('Plan - NL'!J47),0,1) -> 1 | H53: =IF(ISBLANK(#REF!),0,1) -> 1 | I53: =SUM(A53:G53) -> 6
A54: =IF(ISBLANK(#REF!),0,1) -> 1 | B54: =IF(ISBLANK(#REF!),0,1) -> 1 | C54: =IF(ISBLANK(#REF!),0,1) -> 1 | D54: =IF(ISBLANK('Plan - NL'!M56),0,1) -> 0 | E54: =IF(ISBLANK(#REF!),0,1) -> 1 | F54: =IF(ISBLANK(#REF!),0,1) -> 1 | G54: =IF(ISBLANK('Plan - NL'!J56),0,1) -> 1 | H54: =IF(ISBLANK(#REF!),0,1) -> 1 | I54: =SUM(A54:G54) -> 6
A55: =IF(ISBLANK(#REF!),0,1) -> 1 | B55: =IF(ISBLANK(#REF!),0,1) -> 1 | C55: =IF(ISBLANK(#REF!),0,1) -> 1 | D55: =IF(ISBLANK('Plan - NL'!M41),0,1) -> 0 | E55: =IF(ISBLANK(#REF!),0,1) -> 1 | F55: =IF(ISBLANK(#REF!),0,1) -> 1 | G55: =IF(ISBLANK('Plan - NL'!J41),0,1) -> 1 | H55: =IF(ISBLANK(#REF!),0,1) -> 1 | I55: =SUM(A55:G55) -> 6
A56: =IF(ISBLANK('Plan - NL'!J46),0,1) -> 1 | B56: =IF(ISBLANK('Plan - NL'!K46),0,1) -> 1 | C56: =IF(ISBLANK(#REF!),0,1) -> 1 | D56: =IF(ISBLANK('Plan - NL'!M46),0,1) -> 0 | E56: =IF(ISBLANK('Plan - NL'!N46),0,1) -> 0 | F56: =IF(ISBLANK('Plan - NL'!O46),0,1) -> 0 | G56: =IF(ISBLANK('Plan - NL'!P46),0,1) -> 0 | H56: =IF(ISBLANK('Plan - NL'!Q46),0,1) -> 0 | I56: =SUM(A56:G56) -> 3
A57: =IF(ISBLANK(#REF!),0,1) -> 1 | B57: =IF(ISBLANK(#REF!),0,1) -> 1 | C57: =IF(ISBLANK(#REF!),0,1) -> 1 | D57: =IF(ISBLANK(#REF!),0,1) -> 1 | E57: =IF(ISBLANK(#REF!),0,1) -> 1 | F57: =IF(ISBLANK(#REF!),0,1) -> 1 | G57: =IF(ISBLANK(#REF!),0,1) -> 1 | H57: =IF(ISBLANK(#REF!),0,1) -> 1 | I57: =SUM(A57:G57) -> 7
A58: =IF(ISBLANK(#REF!),0,1) -> 1 | B58: =IF(ISBLANK(#REF!),0,1) -> 1 | C58: =IF(ISBLANK(#REF!),0,1) -> 1 | D58: =IF(ISBLANK(#REF!),0,1) -> 1 | E58: =IF(ISBLANK(#REF!),0,1) -> 1 | F58: =IF(ISBLANK(#REF!),0,1) -> 1 | G58: =IF(ISBLANK(#REF!),0,1) -> 1 | H58: =IF(ISBLANK(#REF!),0,1) -> 1 | I58: =SUM(A58:G58) -> 7

Sheet Pivottabel 1

Sheet Kilometerdata
A1: Kampnr. | B1: Runde | C1: Dag | D1: Dato | E1: Måned | F1: Tidspunkt | G1: Hjemme | H1: Ude | I1: R | J1: U | K1: H | L1: L | M1: B | N1: F | O1: S | P1: C | Q1: Note
A2: 105329 | B2: 0 | C2: Lørdag | D2: 30 | E2: Marts | F2: 0.58333333 | G2: Towers | H2: Oaks | I2: =#REF! -> #REF! | J2: =#REF! -> #REF! | K2: =#REF! -> #REF! | L2: =#REF! -> #REF! | M2: =#REF! -> #REF! | N2: =#REF! -> #REF! | O2: =#REF! -> #REF! | P2: =#REF! -> #REF! | Q2: TS og NI eneste wings der har skrevet sig på...
A3: 105330 | B3: 1 | C3: Lørdag | D3: 6 | E3: April | F3: 0.58333333 | G3: Tigers | H3: Badgers | I3: =#REF! -> #REF! | J3: =#REF! -> #REF! | K3: =#REF! -> #REF! | L3: =#REF! -> #REF! | M3: =#REF! -> #REF! | N3: =#REF! -> #REF! | O3: =#REF! -> #REF! | P3: =#REF! -> #REF! | T3: Positionkilometer | Z3: Afstand til
A4: 105331 | B4: 1 | C4: Søndag | D4: 7 | E4: April | F4: 0.58333333 | G4: Razorbacks | H4: 89ers | I4: =#REF! -> #REF! | J4: =#REF! -> #REF! | K4: =#REF! -> #REF! | L4: =#REF! -> #REF! | M4: =#REF! -> #REF! | N4: =#REF! -> #REF! | O4: =#REF! -> #REF! | P4: =#REF! -> #REF! | T4: Lookup (position) i matrix - match/index | Z4: Towers | AA4: Golddiggers | AB4: Oaks | AC4: Badgers | AD4: Razorbacks | AE4: Tigers | AF4: 89ers
A5: 105332 | B5: 2 | C5: Lørdag | D5: 13 | E5: April | F5: 0.58333333 | G5: Tigers | H5: Towers | I5: =#REF! -> #REF! | J5: =#REF! -> #REF! | K5: =#REF! -> #REF! | L5: =#REF! -> #REF! | M5: =#REF! -> #REF! | N5: =#REF! -> #REF! | O5: =#REF! -> #REF! | P5: =#REF! -> #REF! | Q5: JL eneste wing denne dag! MÅ eneste S denne dag | W5: AT | X5: Anders Tronier Hansen | Y5: Slagelse | Z5: 104 | AA5: 109 | AB5: 78 | AC5: 71 | AD5: 145 | AE5: 213 | AF5: 323
A6: 105333 | B6: 3 | C6: Søndag | D6: 21 | E6: April | F6: 0.58333333 | G6: Gold Diggers | H6: Badgers | I6: =#REF! -> #REF! | J6: =#REF! -> #REF! | K6: =#REF! -> #REF! | L6: =#REF! -> #REF! | M6: =#REF! -> #REF! | N6: =#REF! -> #REF! | O6: =#REF! -> #REF! | P6: =#REF! -> #REF! | Q6: Wings kan også byttes rundt (det er 2 x H, ingen øst-L'er denne dag) S: KJ kan | W6: CJ | X6: Christian Jørgensen | Y6: København | Z6: 417 | AA6: 19 | AB6: 45 | AC6: 165 | AD6: 237 | AE6: 307 | AF6: 417
A7: 105334 | B7: 3 | C7: Mandag | D7: 22 | E7: April | F7: 0.58333333 | G7: 89ers | H7: Tigers | I7: =#REF! -> #REF! | J7: =#REF! -> #REF! | K7: =#REF! -> #REF! | L7: =#REF! -> #REF! | M7: =#REF! -> #REF! | N7: =#REF! -> #REF! | O7: =#REF! -> #REF! | P7: =#REF! -> #REF! | Q7: 2 x L, NI får kæden | W7: OJ | X7: Claus Nordberg Larsen | Y7: Odense
A8: 105335 | B8: 4 | C8: Søndag | D8: 28 | E8: April | F8: 0.58333333 | G8: Oaks | H8: Razorbacks | I8: =#REF! -> #REF! | J8: =#REF! -> #REF! | K8: =#REF! -> #REF! | L8: =#REF! -> #REF! | M8: =#REF! -> #REF! | N8: =#REF! -> #REF! | O8: =#REF! -> #REF! | P8: =#REF! -> #REF! | Q8: S: KJ kan | W8: EM | X8: Emil Riisgaard | Y8: Vesterbro | Z8: 417 | AA8: 19 | AB8: 45 | AC8: 165 | AD8: 237 | AE8: 307 | AF8: 417
A9: 105336 | B9: 5 | C9: Lørdag | D9: 4 | E9: Maj | F9: 0.58333333 | G9: Gold Diggers | H9: 89ers | I9: =#REF! -> #REF! | J9: =#REF! -> #REF! | K9: =#REF! -> #REF! | L9: =#REF! -> #REF! | M9: =#REF! -> #REF! | N9: =#REF! -> #REF! | O9: =#REF! -> #REF! | P9: =#REF! -> #REF! | Q9: R/U: Evt. JT/UO som U og CJ som R? Og så VN på Søndags-kamp | R9: CJ | S9: JT/UO | W9: ER | X9: Erik Rasmussen | Y9: Slagelse | Z9: 104 | AA9: 109 | AB9: 78 | AC9: 71 | AD9: 145 | AE9: 213 | AF9: 323
A10: 105337 | B10: 5 | C10: Søndag | D10: 5 | E10: Maj | F10: 0.58333333 | G10: Oaks | H10: Badgers | I10: =#REF! -> #REF! | J10: =#REF! -> #REF! | K10: =#REF! -> #REF! | L10: =#REF! -> #REF! | M10: =#REF! -> #REF! | N10: =#REF! -> #REF! | O10: =#REF! -> #REF! | P10: =#REF! -> #REF! | Q10: R/U: Evt. CJ som R og VN som U | R10: CJ | S10: VN | W10: FK | X10: Frank Kristensen | Y10: Hvidovre | Z10: 417 | AA10: 19 | AB10: 45 | AC10: 165 | AD10: 237 | AE10: 307 | AF10: 417
A11: 105338 | B11: 6 | C11: Lørdag | D11: 11 | E11: Maj | F11: 0.58333333 | G11: 89ers | H11: Gold Diggers | I11: =#REF! -> #REF! | J11: =#REF! -> #REF! | K11: =#REF! -> #REF! | L11: =#REF! -> #REF! | M11: =#REF! -> #REF! | N11: =#REF! -> #REF! | O11: =#REF! -> #REF! | P11: =#REF! -> #REF! | Q11: KL/NI/JE IFAF @ Gentofte? L: NI hvis ikke han skal til IFAF, JL hvis NI skal til IFAF S:MÅ kan men transport? | W11: FR | X11: Frank Rasmussen | Y11: Tune
A12: 105339 | B12: 6 | C12: Søndag | D12: 12 | E12: Maj | F12: 0.58333333 | G12: Badgers | H12: Razorbacks | I12: =#REF! -> #REF! | J12: =#REF! -> #REF! | K12: =#REF! -> #REF! | L12: =#REF! -> #REF! | M12: =#REF! -> #REF! | N12: =#REF! -> #REF! | O12: =#REF! -> #REF! | P12: =#REF! -> #REF! | Q12: Dagen efter IFAF @ Gentofte? S: KJ på da MÅ ikke kan | W12: JE | X12: Jeppe Sejerø Holm | Y12: København N | Z12: 417 | AA12: 19 | AB12: 45 | AC12: 165 | AD12: 237 | AE12: 307 | AF12: 417
A13: 105340 | B13: 7 | C13: Søndag | D13: 19 | E13: Maj | F13: 0.58333333 | G13: Gold Diggers | H13: Towers | I13: =#REF! -> #REF! | J13: =#REF! -> #REF! | K13: =#REF! -> #REF! | L13: =#REF! -> #REF! | M13: =#REF! -> #REF! | N13: =#REF! -> #REF! | O13: =#REF! -> #REF! | P13: =#REF! -> #REF! | Q13: Dagen efter IFAF @ Vejle? S: KJ kan C: AT med som C? Dog noget længere transport end 7 andre på crew | W13: JL | X13: Jesper Lytzen | Y13: Sønderborg
A14: 105341 | B14: 8 | C14: Lørdag | D14: 25 | E14: Maj | F14: 0.625 | G14: Towers | H14: Tigers | I14: =#REF! -> #REF! | J14: =#REF! -> #REF! | K14: =#REF! -> #REF! | L14: =#REF! -> #REF! | M14: =#REF! -> #REF! | N14: =#REF! -> #REF! | O14: =#REF! -> #REF! | P14: =#REF! -> #REF! | Q14: Ingen L fra øst, derfor FR som L og FK som R | W14: JK | X14: Jonas Krum | Y14: Frederiksberg | Z14: 417 | AA14: 19 | AB14: 45 | AC14: 165 | AD14: 237 | AE14: 307 | AF14: 417
A15: 105342 | B15: 9 | C15: Torsdag | D15: 30 | E15: Maj | F15: 0.64583333 | G15: Razorbacks | H15: Gold Diggers | I15: =#REF! -> #REF! | J15: =#REF! -> #REF! | K15: =#REF! -> #REF! | L15: =#REF! -> #REF! | M15: =#REF! -> #REF! | N15: =#REF! -> #REF! | O15: =#REF! -> #REF! | P15: =#REF! -> #REF! | Q15: U: CJ sat på, da MÅ alligevel over (eneste S). Samkørsel fra Slagelse Mulighed med FK som R eller B og AT som C. Dog vil en ekstra øst-mand nok kræve en ekstra bil over broen. Hvis der committes til 2 biler kan JE også byde ind på C og der kan være 8 på kampen. | R15: JE enten her eller 2/6 | W15: KJ | X15: Kim Johannsen | Y15: Allerød
A16: 105343 | B16: 9 | C16: Lørdag | D16: 1 | E16: Juni | F16: 0.58333333 | G16: Tigers | H16: Oaks | I16: =#REF! -> #REF! | J16: =#REF! -> #REF! | K16: =#REF! -> #REF! | L16: =#REF! -> #REF! | M16: =#REF! -> #REF! | N16: =#REF! -> #REF! | O16: =#REF! -> #REF! | P16: =#REF! -> #REF! | Q16: S: MÅ kan, men KL/TM på for at minimere transport | W16: KL | X16: Kim Larsen | Y16: Haderup
A17: 105344 | B17: 9 | C17: Søndag | D17: 2 | E17: Juni | F17: 0.58333333 | G17: Badgers | H17: 89ers | I17: =#REF! -> #REF! | J17: =#REF! -> #REF! | K17: =#REF! -> #REF! | L17: =#REF! -> #REF! | M17: =#REF! -> #REF! | N17: =#REF! -> #REF! | O17: =#REF! -> #REF! | P17: =#REF! -> #REF! | Q17: S: Ingen S'er kan. JE sat på. TM i stedet? | R17: JE enten her eller 30/5 | W17: KN | X17: Kim Mørch Nørgaard | Y17: Randers
A18: 105345 | B18: 10 | C18: Lørdag | D18: 8 | E18: Juni | F18: 0.58333333 | G18: Badgers | H18: Gold Diggers | I18: =#REF! -> #REF! | J18: =#REF! -> #REF! | K18: =#REF! -> #REF! | L18: =#REF! -> #REF! | M18: =#REF! -> #REF! | N18: =#REF! -> #REF! | O18: =#REF! -> #REF! | P18: =#REF! -> #REF! | Q18: F: JE er eneste F den dag | W18: MÅ | X18: Mads Åkjær | Y18: Søborg
A19: 105346 | B19: 10 | C19: Søndag | D19: 9 | E19: Juni | F19: 0.58333333 | G19: Oaks | H19: 89ers | I19: =#REF! -> #REF! | J19: =#REF! -> #REF! | K19: =#REF! -> #REF! | L19: =#REF! -> #REF! | M19: =#REF! -> #REF! | N19: =#REF! -> #REF! | O19: =#REF! -> #REF! | P19: =#REF! -> #REF! | Q19: C: AT med som C? Dog noget længere transport end 7 andre på crew | W19: MM | X19: Martin Mikkelsen | Y19: Lyngby
A20: 105347 | B20: 11 | C20: Lørdag | D20: 15 | E20: Juni | F20: 0.58333333 | G20: 89ers | H20: Towers | I20: =#REF! -> #REF! | J20: =#REF! -> #REF! | K20: =#REF! -> #REF! | L20: =#REF! -> #REF! | M20: =#REF! -> #REF! | N20: =#REF! -> #REF! | O20: =#REF! -> #REF! | P20: =#REF! -> #REF! | Q20: Kun 2 wings denne dag... KN og NI til 2 kampe | W20: MR | X20: Michael Rahbek | Y20: Aalborg
A21: 105348 | B21: 11 | C21: Lørdag | D21: 15 | E21: Juni | F21: 0.70833333 | G21: Razorbacks | H21: Tigers | I21: =#REF! -> #REF! | J21: =#REF! -> #REF! | K21: =#REF! -> #REF! | L21: =#REF! -> #REF! | M21: =#REF! -> #REF! | N21: =#REF! -> #REF! | O21: =#REF! -> #REF! | P21: =#REF! -> #REF! | Q21: S: JE sat på da ingen S'er. C/U: Evt. VN på U og CJ som CJ | W21: MC | X21: Mohammed Nasser Chatle | Y21: Viby J
A22: 105349 | B22: 12 | C22: Lørdag | D22: 22 | E22: Juni | F22: 0.58333333 | G22: Badgers | H22: Tigers | I22: =#REF! -> #REF! | J22: =#REF! -> #REF! | K22: =#REF! -> #REF! | L22: =#REF! -> #REF! | M22: =#REF! -> #REF! | N22: =#REF! -> #REF! | O22: =#REF! -> #REF! | P22: =#REF! -> #REF! | Q22: S: MÅ sat på da FR over alligevel | W22: NI | X22: Niels Ilberg | Y22: Aalborg SV
A23: 105350 | B23: 12 | C23: Søndag | D23: 23 | E23: Juni | F23: 0.58333333 | G23: Towers | H23: Razorbacks | I23: =#REF! -> #REF! | J23: =#REF! -> #REF! | K23: =#REF! -> #REF! | L23: =#REF! -> #REF! | M23: =#REF! -> #REF! | N23: =#REF! -> #REF! | O23: =#REF! -> #REF! | P23: =#REF! -> #REF! | Q23: S: KJ? | W23: SR | X23: Søren Rosenlund Pedersen | Y23: Slagelse | Z23: 104 | AA23: 109 | AB23: 78 | AC23: 71 | AD23: 145 | AE23: 213 | AF23: 323
A24: 105351 | B24: 13 | C24: Lørdag | D24: 29 | E24: Juni | F24: 0.58333333 | G24: Gold Diggers | H24: Oaks | I24: =#REF! -> #REF! | J24: =#REF! -> #REF! | K24: =#REF! -> #REF! | L24: =#REF! -> #REF! | M24: =#REF! -> #REF! | N24: =#REF! -> #REF! | O24: =#REF! -> #REF! | P24: =#REF! -> #REF! | Q24: S: JE/KJ kan L: Kun vest-folk kan... (JL+NI) SR hvis han kan | W24: TM | X24: Thomas Myrup | Y24: Viby J
A25: 105352 | B25: 14 | C25: Lørdag | D25: 3 | E25: August | F25: 0.58333333 | G25: Oaks | H25: Gold Diggers | I25: =#REF! -> #REF! | J25: =#REF! -> #REF! | K25: =#REF! -> #REF! | L25: =#REF! -> #REF! | M25: =#REF! -> #REF! | N25: =#REF! -> #REF! | O25: =#REF! -> #REF! | P25: =#REF! -> #REF! | W25: TS | X25: Thomas Siggaard | Y25: Valby | Z25: 417 | AA25: 19 | AB25: 45 | AC25: 165 | AD25: 237 | AE25: 307 | AF25: 417
A26: 105354 | B26: 16 | C26: Lørdag | D26: 17 | E26: August | F26: 0.58333333 | G26: Oaks | H26: Towers | I26: =#REF! -> #REF! | J26: =#REF! -> #REF! | K26: =#REF! -> #REF! | L26: =#REF! -> #REF! | M26: =#REF! -> #REF! | N26: =#REF! -> #REF! | O26: =#REF! -> #REF! | P26: =#REF! -> #REF! | W26: UO | X26: Ulf Overbeck | Y26: Odense SØ
A27: 105353 | B27: 16 | C27: Lørdag | D27: 17 | E27: August | F27: 0.58333333 | G27: Tigers | H27: Razorbacks | I27: =#REF! -> #REF! | J27: =#REF! -> #REF! | K27: =#REF! -> #REF! | L27: =#REF! -> #REF! | M27: =#REF! -> #REF! | N27: =#REF! -> #REF! | O27: =#REF! -> #REF! | P27: =#REF! -> #REF! | W27: VN | X27: Vincent Nordkov | Y27: Søborg
A28: 105355 | B28: 16 | C28: Søndag | D28: 18 | E28: August | F28: 0.58333333 | G28: 89ers | H28: Badgers | I28: =#REF! -> #REF! | J28: =#REF! -> #REF! | K28: =#REF! -> #REF! | L28: =#REF! -> #REF! | M28: =#REF! -> #REF! | N28: =#REF! -> #REF! | O28: =#REF! -> #REF! | P28: =#REF! -> #REF! | Q28: Status: | W28: ST | X28: Søren Stisen | Y28: Aalestrup
A29: 105356 | B29: 17 | C29: Fredag | D29: 23 | E29: August | F29: 0.79166667 | G29: Towers | H29: Gold Diggers | I29: =#REF! -> #REF! | J29: =#REF! -> #REF! | K29: =#REF! -> #REF! | L29: =#REF! -> #REF! | M29: =#REF! -> #REF! | N29: =#REF! -> #REF! | O29: =#REF! -> #REF! | P29: =#REF! -> #REF! | Q29: R: En del huller. Muligt med CJ på flere R-poster | W29: JT | X29: Jeppe Bjerg Thanning | Y29: Gistrup
A30: 105357 | B30: 17 | C30: Lørdag | D30: 24 | E30: August | F30: 0.58333333 | G30: 89ers | H30: Razorbacks | I30: =#REF! -> #REF! | J30: =#REF! -> #REF! | K30: =#REF! -> #REF! | L30: =#REF! -> #REF! | M30: =#REF! -> #REF! | N30: =#REF! -> #REF! | O30: =#REF! -> #REF! | P30: =#REF! -> #REF! | Q30: U: 3 x (CJ/VN) i Aalborg. Mangler lidt sol&vind-fordeling mellem 2xTop-kamp og en Badgers
A31: 105358 | B31: 17 | C31: Søndag | D31: 25 | E31: August | F31: 0.58333333 | G31: Badgers | H31: Oaks | I31: =#REF! -> #REF! | J31: =#REF! -> #REF! | K31: =#REF! -> #REF! | L31: =#REF! -> #REF! | M31: =#REF! -> #REF! | N31: =#REF! -> #REF! | O31: =#REF! -> #REF! | P31: =#REF! -> #REF! | Q31: Wing
A32: 105359 | B32: 18 | C32: Lørdag | D32: 31 | E32: August | F32: 0.58333333 | G32: Razorbacks | H32: Towers | I32: =#REF! -> #REF! | J32: =#REF! -> #REF! | K32: =#REF! -> #REF! | L32: =#REF! -> #REF! | M32: =#REF! -> #REF! | N32: =#REF! -> #REF! | O32: =#REF! -> #REF! | P32: =#REF! -> #REF! | Q32: Dyb wing: MÅ kan på næsten alt S. Forslag stillet på en række kampe om fordeling ud til F'er (både øst og vest) som "MÅ (xx)"
A33: 105360 | B33: 18 | C33: Søndag | D33: 1 | E33: Septemb | F33: 0.58333333 | G33: Tigers | H33: 89ers | I33: =#REF! -> #REF! | J33: =#REF! -> #REF! | K33: =#REF! -> #REF! | L33: =#REF! -> #REF! | M33: =#REF! -> #REF! | N33: =#REF! -> #REF! | O33: =#REF! -> #REF! | P33: =#REF! -> #REF! | Q33: B: OK
A34: 105361 | B34: 19 | C34: Lørdag | D34: 7 | E34: Septemb | F34: 0.58333333 | G34: Gold Diggers | H34: Tigers | I34: =#REF! -> #REF! | J34: =#REF! -> #REF! | K34: =#REF! -> #REF! | L34: =#REF! -> #REF! | M34: =#REF! -> #REF! | N34: =#REF! -> #REF! | O34: =#REF! -> #REF! | P34: =#REF! -> #REF!
A35: 105363 | B35: 19 | C35: Søndag | D35: 8 | E35: Septemb | F35: 0.58333333 | G35: Razorbacks | H35: Oaks | I35: =#REF! -> #REF! | J35: =#REF! -> #REF! | K35: =#REF! -> #REF! | L35: =#REF! -> #REF! | M35: =#REF! -> #REF! | N35: =#REF! -> #REF! | O35: =#REF! -> #REF! | P35: =#REF! -> #REF!
A36: 105362 | B36: 19 | C36: Søndag | D36: 8 | E36: Septemb | F36: 0.58333333 | G36: Towers | H36: Badgers | I36: =#REF! -> #REF! | J36: =#REF! -> #REF! | K36: =#REF! -> #REF! | L36: =#REF! -> #REF! | M36: =#REF! -> #REF! | N36: =#REF! -> #REF! | O36: =#REF! -> #REF! | P36: =#REF! -> #REF!
A37: WC 1 | B37: 21 | C37: Lørdag | E37: September | I37: =#REF! -> #REF! | J37: =#REF! -> #REF! | K37: =#REF! -> #REF! | L37: =#REF! -> #REF! | M37: =#REF! -> #REF! | N37: =#REF! -> #REF! | O37: =#REF! -> #REF! | P37: =#REF! -> #REF!
A38: WC 2 | B38: 21 | C38: Lørdag | E38: September | I38: =#REF! -> #REF! | J38: =#REF! -> #REF! | K38: =#REF! -> #REF! | L38: =#REF! -> #REF! | M38: =#REF! -> #REF! | N38: =#REF! -> #REF! | O38: =#REF! -> #REF! | P38: =#REF! -> #REF!
A39: Semi 1 | B39: 22 | C39: Lørdag | E39: September | I39: ='Plan - NL'!I28 | J39: ='Plan - NL'!J28 | K39: ='Plan - NL'!K28 | L39: ='Plan - NL'!L28 | M39: ='Plan - NL'!M28 | N39: ='Plan - NL'!N28 | O39: ='Plan - NL'!O28 | P39: ='Plan - NL'!P28
A40: Semi 2 | B40: 22 | C40: Lørdag | E40: September | I40: =#REF! -> #REF! | J40: =#REF! -> #REF! | K40: =#REF! -> #REF! | L40: =#REF! -> #REF! | M40: =#REF! -> #REF! | N40: =#REF! -> #REF! | O40: =#REF! -> #REF! | P40: =#REF! -> #REF!
A41: NL Kval 1 | B41: 23 | C41: Lørdag | E41: Oktober | I41: =#REF! -> #REF! | J41: =#REF! -> #REF! | K41: =#REF! -> #REF! | L41: =#REF! -> #REF! | M41: =#REF! -> #REF! | N41: =#REF! -> #REF! | O41: =#REF! -> #REF! | P41: =#REF! -> #REF!
A42: Mermaid Bowl | B42: 24 | C42: Lørdag | E42: Oktober | I42: =#REF! -> #REF! | J42: =#REF! -> #REF! | K42: =#REF! -> #REF! | L42: =#REF! -> #REF! | M42: =#REF! -> #REF! | N42: =#REF! -> #REF! | O42: =#REF! -> #REF! | P42: =#REF! -> #REF!
A44: Initialer
A45: Anders Tronier | B45: AT
A46: Brian Baagøe Andersen | B46: BA | Q46: =DATA!I65 | Y46: 0 | Z46: 0 | AB46: medium
A47: Bo Thygesen | B47: BT | Q47: =DATA!I66 | T47: AVERAGE | Y47: =#DIV/0! -> #DIV/0! | AB47: bad
A48: Christian Jørgensen | B48: CJ | Q48: =DATA!I67 | T48: MEDIAN | Y48: =#NUM! -> #NUM! | AB48: stats
A49: Emil Riisgaard | B49: EM | P49: =41-P50 -> 33 | Q49: =Y47/8 -> #DIV/0! | AB49: endzone
A50: Erik Rasmussen | B50: ER | P50: =COUNTBLANK(I2:P42) -> 8 | Q50: =Y48/7 -> #NUM! | AB50: tv
A51: Frank Kristensen | B51: FK
A52: Frank Rasmussen | B52: FR | Q52: =800*28 -> 22400
A53: Jeppe Holm | B53: JE
A54: Jan Holst | B54: JH
A55: Jonas Krum | B55: JK
A56: Jesper Lytzen | B56: JL
A57: Jens S. Pedersen | B57: JP
A58: Jacob Weber | B58: JW
A59: Kim Johannsen | B59: KJ | P59: 89ers | Q59: =COUNTIF(G$2:G$42,P59) -> 5 | R59: =SUMIF(G$2:G$42,P59,Y$39:Y$42) -> #NUM! | S59: =R59/Q59 -> #NUM!
A60: Kasper Kristoffersen | B60: KK | P60: Gold Diggers | Q60: =COUNTIF(G$2:G$42,P60) -> 5 | R60: =SUMIF(G$2:G$42,P60,Y$39:Y$42) -> 0 | S60: =R60/Q60 -> 0
A61: Kim Larsen | B61: KL | P61: Oaks | Q61: =COUNTIF(G$2:G$42,P61) -> 5 | R61: =SUMIF(G$2:G$42,P61,Y$39:Y$42) -> #DIV/0! | S61: =R61/Q61 -> #DIV/0!
A62: Kim Mørch Nørgaard | B62: KN | P62: Razorbacks | Q62: =COUNTIF(G$2:G$42,P62) -> 5 | R62: =SUMIF(G$2:G$42,P62,Y$39:Y$42) -> 0 | S62: =R62/Q62 -> 0
A63: Mohammad Ajine | B63: MA | P63: Tigers | Q63: =COUNTIF(G$2:G$42,P63) -> 5 | R63: =SUMIF(G$2:G$42,P63,Y$39:Y$42) -> 0 | S63: =R63/Q63 -> 0
A64: Martin Borg Andersen | B64: MB | P64: Tomahawks | Q64: =COUNTIF(G$2:G$42,P64) -> 0 | R64: =SUMIF(G$2:G$42,P64,Y$39:Y$42) -> 0 | S64: =R64/Q64 -> #DIV/0!
A65: Mohammed Chatle | B65: MC | P65: Towers | Q65: =COUNTIF(G$2:G$42,P65) -> 5 | R65: =SUMIF(G$2:G$42,P65,Y$39:Y$42) -> 0 | S65: =R65/Q65 -> 0
A66: Martin Mikkelsen | B66: MM | P66: Badgers | Q66: =COUNTIF(G$2:G$42,P66) -> 5 | R66: =SUMIF(G$2:G$42,P66,Y$39:Y$42) -> 0 | S66: =R66/Q66 -> 0
A67: Michael Rahbek | B67: MR
A68: Michael Søndergaard Pedersen | B68: MS
A69: Mads Åkjær | B69: MÅ
A70: Niels Ilberg | B70: NI
A71: Niclas Pedersen | B71: NP
A72: Claus Nordberg | B72: OJ
A73: Rasmus Søby | B73: RS
A74: Søren Ekander Jensen | B74: SE
A75: Søren R. Petersen | B75: SR
A76: Thomas Lund-Hansen | B76: TH
A77: Toke Lund | B77: TL
A78: Thomas Myrup | B78: TM
... A81: Vincent Nordkov | B81: VN
Q83: =DATA!I64 | Y83: =#DIV/0! -> #DIV/0! | AB83: best
